{
  "mse": 1.6038487967195407,
  "rmse": 1.266431520738307,
  "mae": 0.9572987504935131,
  "r2": 0.8116610754961113,
  "pearson": 0.9050664374312839,
  "spearman": 0.8684584521726603,
  "n": 37390,
  "n_params_total": 7965931,
  "n_params_trainable": 7965931
}