{
  "fold": 2,
  "best_epoch": 3,
  "mse": 5.821372729319048,
  "rmse": 2.412752106893505,
  "mae": 1.8698862312358022,
  "r2": 0.1967542670556217,
  "pearson": 0.533466102584565,
  "spearman": 0.3963455224894825,
  "n": 36569,
  "loss": 5.823743257489237
}