{
  "fold": 3,
  "best_epoch": 8,
  "mse": 7.033604408833495,
  "rmse": 2.6520943438787192,
  "mae": 1.9567593280752498,
  "r2": 0.052681394157738315,
  "pearson": 0.3855694939786791,
  "spearman": 0.45965107669483724,
  "n": 36069,
  "loss": 7.033816871913612
}