{
  "fold": 1,
  "best_epoch": 1,
  "mse": 5.984200266551545,
  "rmse": 2.4462625097383857,
  "mae": 1.8764278168288788,
  "r2": 0.2587645050639209,
  "pearson": 0.5282351182799897,
  "spearman": 0.4718768883758319,
  "n": 38390,
  "loss": 5.984398916562398
}