{
  "fold": 5,
  "best_epoch": 20,
  "mse": 7.4659578018923165,
  "rmse": 2.732390492205006,
  "mae": 2.0114690214514166,
  "r2": 0.010453888014846369,
  "pearson": 0.342738237548609,
  "spearman": 0.2674681239642515,
  "n": 38469,
  "loss": 7.466607068464209
}