{
  "fold": 4,
  "best_epoch": 2,
  "mse": 9.129852181462692,
  "rmse": 3.0215645254507955,
  "mae": 2.221681256396917,
  "r2": -0.006676593479733928,
  "pearson": 0.3230100299369416,
  "spearman": 0.3138301968654993,
  "n": 37451,
  "loss": 9.131222165078434
}