{
  "fold": 2,
  "best_epoch": 43,
  "val_metrics": {
    "mse": 0.932915975967447,
    "rmse": 0.965875755968358,
    "mae": 0.7151749812788305,
    "r2": 0.8818375228534059,
    "pearson": 0.9395833083864868,
    "spearman": 0.9138449838622056,
    "n": 37390
  }
}