{
  "fold": 3,
  "best_epoch": 65,
  "val_metrics": {
    "mse": 0.9055820670122114,
    "rmse": 0.9516207579767328,
    "mae": 0.7107384302382405,
    "r2": 0.8859939324251557,
    "pearson": 0.9414945577633741,
    "spearman": 0.9155504277553194,
    "n": 37390
  }
}