{
  "fold": 4,
  "best_epoch": 36,
  "val_metrics": {
    "mse": 0.9327452047154291,
    "rmse": 0.9657873496352233,
    "mae": 0.7187054724095484,
    "r2": 0.8845036084369067,
    "pearson": 0.9405843424935364,
    "spearman": 0.9148286382839456,
    "n": 37389
  }
}