{
  "fold": 5,
  "best_epoch": 62,
  "val_metrics": {
    "mse": 0.8642551820159642,
    "rmse": 0.9296532590250863,
    "mae": 0.690730258396154,
    "r2": 0.8919931040609107,
    "pearson": 0.9445444841780566,
    "spearman": 0.9195204794617073,
    "n": 37389
  }
}