{
  "fold": 1,
  "best_epoch": 62,
  "val_metrics": {
    "mse": 0.8812000835220306,
    "rmse": 0.9387225807031759,
    "mae": 0.6938603749138914,
    "r2": 0.8905167837805601,
    "pearson": 0.9440246807529025,
    "spearman": 0.9184592889061074,
    "n": 37390
  }
}