{
  "fold": 1,
  "best_epoch": 1,
  "mse": 5.901614252384442,
  "rmse": 2.429323826167364,
  "mae": 1.885573948621949,
  "r2": 0.26899405660953224,
  "pearson": 0.5390283540604482,
  "spearman": 0.49059933518241344,
  "n": 38390,
  "loss": 5.901792950630188
}