{
  "fold": 2,
  "best_epoch": 2,
  "mse": 5.516141124777643,
  "rmse": 2.348646658136903,
  "mae": 1.820969871325913,
  "r2": 0.2388707909938388,
  "pearson": 0.5831396820116262,
  "spearman": 0.435530913760584,
  "n": 36569,
  "loss": 5.517240238356424
}