{
  "fold": 4,
  "best_epoch": 1,
  "mse": 8.89581316945967,
  "rmse": 2.982584981096041,
  "mae": 2.2406847142360493,
  "r2": 0.019129037395969717,
  "pearson": 0.34195393586313555,
  "spearman": 0.33528553114514187,
  "n": 37451,
  "loss": 8.897864208286533
}