{
  "fold": 5,
  "best_epoch": 4,
  "mse": 7.044204054074924,
  "rmse": 2.654091945294082,
  "mae": 1.9744194261164194,
  "r2": 0.06635358533996216,
  "pearson": 0.38029872376027013,
  "spearman": 0.2892175568276254,
  "n": 38469,
  "loss": 7.044535570366438
}