{
  "fold": 3,
  "best_epoch": 7,
  "mse": 7.097438332808062,
  "rmse": 2.664101787246137,
  "mae": 1.9716474802387762,
  "r2": 0.04408394392452886,
  "pearson": 0.3800333707688439,
  "spearman": 0.4471641339707035,
  "n": 36069,
  "loss": 7.098049994056106
}