{
  "mse": 1.4778853701650578,
  "rmse": 1.2156830878831284,
  "mae": 0.9262215559990784,
  "r2": 0.8235378315258719,
  "pearson": 0.9125029970751748,
  "spearman": 0.8795033010480181,
  "n": 37390,
  "n_params_total": 7965931,
  "n_params_trainable": 7965931
}