{
  "fold": 1,
  "best_epoch": 51,
  "mse": 0.9304895835597293,
  "rmse": 0.964618879951937,
  "mae": 0.717892651058589,
  "r2": 0.8843928930877598,
  "pearson": 0.9407382123474448,
  "spearman": 0.9135839532478314,
  "n": 37390,
  "loss": 0.9307370641532612
}