{
  "fold": 2,
  "best_epoch": 48,
  "mse": 0.9650681825582151,
  "rmse": 0.9823788386148264,
  "mae": 0.7219487572824723,
  "r2": 0.8777651471257264,
  "pearson": 0.9370948525283099,
  "spearman": 0.9111646240696296,
  "n": 37390,
  "loss": 0.9637953148766996
}