{
  "fold": 5,
  "best_epoch": 50,
  "mse": 0.9420607381915438,
  "rmse": 0.9705981342407082,
  "mae": 0.7238718843216346,
  "r2": 0.882269660355619,
  "pearson": 0.9398241873583253,
  "spearman": 0.9140719523657364,
  "n": 37389,
  "loss": 0.9415936282877222
}