{
  "fold": 4,
  "best_epoch": 72,
  "mse": 0.9301891563541709,
  "rmse": 0.9644631441139526,
  "mae": 0.7107041032356386,
  "r2": 0.8848201089784197,
  "pearson": 0.9407524562372082,
  "spearman": 0.9158022512544032,
  "n": 37389,
  "loss": 0.9290611261800694
}