{
  "fold": 3,
  "best_epoch": 83,
  "mse": 0.9248766479196595,
  "rmse": 0.9617050732525328,
  "mae": 0.7113287342597615,
  "r2": 0.8835648877533455,
  "pearson": 0.9403651954641034,
  "spearman": 0.9146497011420762,
  "n": 37390,
  "loss": 0.9222817226176376
}