{
  "fold": 3,
  "best_epoch": 5,
  "mse": 1.7689629834120328,
  "rmse": 1.330023677763683,
  "mae": 0.9957914338313496,
  "r2": 0.7777714387012385,
  "pearson": 0.8824904461311283,
  "spearman": 0.8402669822579255,
  "n": 37577,
  "loss": 1.7683264783450536
}