{
  "fold": 5,
  "best_epoch": 16,
  "mse": 1.748469986768284,
  "rmse": 1.322297238433282,
  "mae": 0.9922588825512969,
  "r2": 0.7828110108822158,
  "pearson": 0.8850499287595291,
  "spearman": 0.8389468191629779,
  "n": 36821,
  "loss": 1.7485103000783258
}