{
  "fold": 2,
  "best_epoch": 10,
  "mse": 1.7076124812834952,
  "rmse": 1.3067564735954038,
  "mae": 0.9749577793620872,
  "r2": 0.787384421474245,
  "pearson": 0.88737080054846,
  "spearman": 0.8437430128740568,
  "n": 37790,
  "loss": 1.7053439433912974
}