{
  "fold": 4,
  "best_epoch": 19,
  "mse": 1.5818263291116321,
  "rmse": 1.2577067738990801,
  "mae": 0.9462749970955183,
  "r2": 0.7969295208887957,
  "pearson": 0.8930578401543575,
  "spearman": 0.8499246976957805,
  "n": 37321,
  "loss": 1.5824517187190383
}