{
  "fold": 1,
  "best_epoch": 20,
  "mse": 1.7635781204501544,
  "rmse": 1.3279977863122192,
  "mae": 0.9983681198192811,
  "r2": 0.7831698340571513,
  "pearson": 0.8858508483535178,
  "spearman": 0.8425808998762765,
  "n": 37439,
  "loss": 1.7624705454188403
}