{
  "mse": 1.5269215821293924,
  "rmse": 1.2356866844509544,
  "mae": 0.9386262608215329,
  "r2": 0.8091789740266152,
  "pearson": 0.906699265373182,
  "spearman": 0.8724445267733909,
  "n": 37389,
  "n_params_total": 873761,
  "n_params_trainable": 873761
}