{
  "mse": 7.174561211824769,
  "rmse": 2.678537140273543,
  "mae": 2.040121692886212,
  "r2": 0.20891787765237602,
  "pearson": 0.4977102785232588,
  "spearman": 0.43000829824101017,
  "n": 37451,
  "n_params_total": 22352193,
  "n_params_trainable": 22352193
}