{
  "mse": 7.02697191820876,
  "rmse": 2.6508436238693447,
  "mae": 2.066598126604587,
  "r2": 0.030403055898912013,
  "pearson": 0.4945422772983159,
  "spearman": 0.3978631699398812,
  "n": 36569,
  "n_params_total": 22352193,
  "n_params_trainable": 22352193
}