{
  "mse": 2.9257802819546344,
  "rmse": 1.710491239952615,
  "mae": 1.3327716711460378,
  "r2": 0.6744843096489788,
  "pearson": 0.8354960102947262,
  "spearman": 0.7719295236390964,
  "n": 37577,
  "n_params_total": 7965931,
  "n_params_trainable": 7965931
}