{
  "fold": 4,
  "best_epoch": 66,
  "val_metrics": {
    "mse": 0.8869086044350606,
    "rmse": 0.941758251588517,
    "mae": 0.7046183598370378,
    "r2": 0.8901792869685563,
    "pearson": 0.943914950331162,
    "spearman": 0.9190496394766945,
    "n": 37389
  }
}