{
  "fold": 5,
  "best_epoch": 56,
  "val_metrics": {
    "mse": 0.8704748509523723,
    "rmse": 0.932992417414189,
    "mae": 0.695806711532483,
    "r2": 0.8912158253710413,
    "pearson": 0.9442221082755827,
    "spearman": 0.9190085921317979,
    "n": 37389
  }
}