{
  "fold": 2,
  "best_epoch": 43,
  "val_metrics": {
    "mse": 0.9324803969884334,
    "rmse": 0.9656502456834117,
    "mae": 0.7149631810209416,
    "r2": 0.8818926929785609,
    "pearson": 0.9391192135160635,
    "spearman": 0.9140246426989307,
    "n": 37390
  }
}