{
  "fold": 1,
  "best_epoch": 41,
  "val_metrics": {
    "mse": 0.9117851451569732,
    "rmse": 0.9548744132905506,
    "mae": 0.7108200687120503,
    "r2": 0.8867167944493295,
    "pearson": 0.9418213299169008,
    "spearman": 0.9144072243387976,
    "n": 37390
  }
}