{
  "fold": 3,
  "best_epoch": 73,
  "val_metrics": {
    "mse": 0.8953682251937711,
    "rmse": 0.9462389894702982,
    "mae": 0.7019114680834748,
    "r2": 0.8872797793770435,
    "pearson": 0.9420756624732146,
    "spearman": 0.9170295588308305,
    "n": 37390
  }
}