{
  "tag": "SNP+RNA__attention__morgan__unseen_drug__e2246a",
  "n_folds": 5,
  "mse_mean": 7.085689076110681,
  "mse_std": 1.4017482165102269,
  "rmse_mean": 2.648930769606366,
  "rmse_std": 0.2624020844873483,
  "mae_mean": 1.997473992808229,
  "mae_std": 0.161071538102316,
  "r2_mean": 0.1039907608246412,
  "r2_std": 0.13391479061823056,
  "pearson_mean": 0.42576014038010895,
  "pearson_std": 0.11874037438527697,
  "spearman_mean": 0.37535116177259165,
  "spearman_std": 0.09620591560634223,
  "n_mean": 37389.6,
  "n_std": 957.8145123143624,
  "loss_mean": 7.086845928863191,
  "loss_std": 1.4018906107991806
}