{
  "fold": 2,
  "best_epoch": 59,
  "mse": 0.9518706055968191,
  "rmse": 0.9756385629918587,
  "mae": 0.7168385729526587,
  "r2": 0.879436742881683,
  "pearson": 0.9378863410185518,
  "spearman": 0.912944266053482,
  "n": 37390,
  "loss": 0.9500927493840761
}