{
  "fold": 5,
  "best_epoch": 46,
  "mse": 0.9396603875369887,
  "rmse": 0.9693608139062506,
  "mae": 0.7195516799052133,
  "r2": 0.8825696347483201,
  "pearson": 0.9396735501768442,
  "spearman": 0.9135006192575453,
  "n": 37389,
  "loss": 0.9390752899361958
}