{
  "fold": 4,
  "best_epoch": 50,
  "mse": 0.9432212225234231,
  "rmse": 0.9711957694118232,
  "mae": 0.7243241109950997,
  "r2": 0.8832064243306178,
  "pearson": 0.9400007556499707,
  "spearman": 0.9137966992100887,
  "n": 37389,
  "loss": 0.941625637812826
}