{
  "fold": 1,
  "best_epoch": 40,
  "mse": 0.9479183515186635,
  "rmse": 0.9736109857220508,
  "mae": 0.726799628354534,
  "r2": 0.8822274852461492,
  "pearson": 0.9398528832954516,
  "spearman": 0.9120024325889002,
  "n": 37390,
  "loss": 0.9506414481804233
}