{
  "fold": 3,
  "best_epoch": 62,
  "mse": 0.943493590955068,
  "rmse": 0.9713359825287375,
  "mae": 0.721257563267222,
  "r2": 0.8812211526651118,
  "pearson": 0.9389433610654481,
  "spearman": 0.9131412869397199,
  "n": 37390,
  "loss": 0.9409752140273007
}