{
  "tag": "MET+RNA__attention__morgan__mixed__b45cf1",
  "n_folds": 5,
  "mse_mean": 0.9409659154287606,
  "mse_std": 0.0211526076680132,
  "rmse_mean": 0.9699729537641131,
  "rmse_std": 0.010880459313941384,
  "mae_mean": 0.7206001836030037,
  "mae_std": 0.004638292195118424,
  "r2_mean": 0.8822484753038985,
  "r2_std": 0.0035594239229146934,
  "pearson_mean": 0.9395115385672203,
  "pearson_std": 0.002001443886688252,
  "spearman_mean": 0.9129416218705739,
  "spearman_std": 0.001969765187434284,
  "n_mean": 37389.6,
  "n_std": 0.4898979485566356,
  "loss_mean": 0.9397195772506273,
  "loss_std": 0.02055173071293468
}