{
  "fold": 5,
  "best_epoch": 76,
  "mse": 0.9416935158123408,
  "rmse": 0.9704089425661435,
  "mae": 0.7219670110015467,
  "r2": 0.8823155525297389,
  "pearson": 0.9395883963178313,
  "spearman": 0.9127617524260176,
  "n": 37389,
  "loss": 0.9407450813075381
}