{
  "fold": 4,
  "best_epoch": 89,
  "mse": 0.9636405496976524,
  "rmse": 0.9816519493678258,
  "mae": 0.7297837409441319,
  "r2": 0.8806780182934201,
  "pearson": 0.9384979614915315,
  "spearman": 0.910596002131609,
  "n": 37389,
  "loss": 0.9624313834177349
}