{
  "fold": 2,
  "best_epoch": 50,
  "mse": 1.0304231644709412,
  "rmse": 1.015097613272212,
  "mae": 0.7478612121114022,
  "r2": 0.8694873313785255,
  "pearson": 0.9326271643363898,
  "spearman": 0.9050164868189876,
  "n": 37390,
  "loss": 1.0308189656547313
}