{
  "fold": 1,
  "best_epoch": 41,
  "mse": 1.015383857976202,
  "rmse": 1.0076625714872027,
  "mae": 0.7515017177097594,
  "r2": 0.8738453473310885,
  "pearson": 0.9350698417788208,
  "spearman": 0.9051831585806013,
  "n": 37390,
  "loss": 1.0176040440696092
}