{
  "fold": 3,
  "best_epoch": 84,
  "mse": 0.9846858126480871,
  "rmse": 0.9923133641386107,
  "mae": 0.7338447891136676,
  "r2": 0.8760353573838665,
  "pearson": 0.9362173056255583,
  "spearman": 0.9092402266902587,
  "n": 37390,
  "loss": 0.9821078415718502
}