{
  "tag": "SNP+MET+CNV+RNA__attention__morgan__unseen_cell__f89c87",
  "n_folds": 5,
  "mse_mean": 1.7132578526248967,
  "mse_std": 0.0730483146372312,
  "rmse_mean": 1.3086143258529386,
  "rmse_std": 0.028042802951121666,
  "mae_mean": 0.9812903490427385,
  "mae_std": 0.0210987076416259,
  "r2_mean": 0.7857339399051408,
  "r2_std": 0.006403683103100982,
  "pearson_mean": 0.887073620094158,
  "pearson_std": 0.003449123023833874,
  "spearman_mean": 0.8430480018477766,
  "spearman_std": 0.0037301799717322304,
  "n_mean": 37389.6,
  "n_std": 324.3119485927091,
  "loss_mean": 1.7121813054947324,
  "loss_std": 0.07246173057678494
}