{
  "tag": "MET+CNV+RNA__attention__morgan__mixed__6589e6",
  "n_folds": 5,
  "mse_mean": 0.9502283761038118,
  "mse_std": 0.027001251537877385,
  "rmse_mean": 0.9746978462452878,
  "rmse_std": 0.013873882967965165,
  "mae_mean": 0.7227290555765687,
  "mae_std": 0.012278149511046277,
  "r2_mean": 0.8810853365119182,
  "r2_std": 0.004244478503398069,
  "pearson_mean": 0.9388815962626481,
  "pearson_std": 0.0021957955405992463,
  "spearman_mean": 0.9123684835997521,
  "spearman_std": 0.002617805345587506,
  "n_mean": 37389.6,
  "n_std": 0.4898979485566356,
  "loss_mean": 0.949477355309314,
  "loss_std": 0.02615774139718009
}