{
  "tag": "SNP+CNV+RNA__attention__morgan__unseen_cell__11ffc8",
  "n_folds": 5,
  "mse_mean": 1.7582696451079443,
  "mse_std": 0.021926569986171617,
  "rmse_mean": 1.3259718493556054,
  "rmse_std": 0.00826437078186501,
  "mae_mean": 0.993896350192547,
  "mae_std": 0.010013301830311334,
  "r2_mean": 0.7799464564884744,
  "r2_std": 0.004204572705399347,
  "pearson_mean": 0.8835129248202545,
  "pearson_std": 0.0022098532727383127,
  "spearman_mean": 0.8388398797990491,
  "spearman_std": 0.003564253747307072,
  "n_mean": 37389.6,
  "n_std": 289.43296287741657,
  "loss_mean": 1.7575408154123633,
  "loss_std": 0.02127281947036536
}