{
  "fold": 5,
  "best_epoch": 21,
  "mse": 8.120890554230147,
  "rmse": 2.849717627104508,
  "mae": 2.091465378377844,
  "r2": -0.07635160645545103,
  "pearson": 0.33429793413807274,
  "spearman": 0.2578231473309588,
  "n": 38469,
  "loss": 8.121834751775495
}