{
  "fold": 1,
  "best_epoch": 5,
  "mse": 6.05451033020971,
  "rmse": 2.460591459427938,
  "mae": 1.859426946223226,
  "r2": 0.25005551931590875,
  "pearson": 0.5234290317085378,
  "spearman": 0.48424659005629955,
  "n": 38390,
  "loss": 6.054764817555745
}