{
  "fold": 2,
  "best_epoch": 3,
  "mse": 5.648940307041235,
  "rmse": 2.3767499462588053,
  "mae": 1.8441832490003807,
  "r2": 0.22054686956642477,
  "pearson": 0.539721869024144,
  "spearman": 0.40894353029422703,
  "n": 36569,
  "loss": 5.651307527001921
}