{
  "fold": 4,
  "best_epoch": 1,
  "mse": 9.283928869983557,
  "rmse": 3.0469540314851415,
  "mae": 2.227223415842431,
  "r2": -0.023665411354545807,
  "pearson": 0.3265050027837382,
  "spearman": 0.3199949337607704,
  "n": 37451,
  "loss": 9.28421447057366
}