{
  "fold": 3,
  "best_epoch": 7,
  "mse": 7.113504953982695,
  "rmse": 2.667115474437261,
  "mae": 1.950859644903414,
  "r2": 0.04192001654291011,
  "pearson": 0.3632918073439265,
  "spearman": 0.437976650932533,
  "n": 36069,
  "loss": 7.113378561980335
}