{
  "fold": 1,
  "best_epoch": 80,
  "val_metrics": {
    "mse": 0.8701885387121583,
    "rmse": 0.9328389671921721,
    "mae": 0.6908520842754897,
    "r2": 0.8918848945693276,
    "pearson": 0.9448013298472988,
    "spearman": 0.9180992455071768,
    "n": 37390
  }
}