{
  "fold": 4,
  "best_epoch": 83,
  "val_metrics": {
    "mse": 0.8734159598653686,
    "rmse": 0.9345672580747565,
    "mae": 0.6944494571973322,
    "r2": 0.8918500023499537,
    "pearson": 0.9444863552566262,
    "spearman": 0.9198706891518126,
    "n": 37389
  }
}