{
  "fold": 2,
  "best_epoch": 39,
  "val_metrics": {
    "mse": 0.9483658626738267,
    "rmse": 0.9738407789129734,
    "mae": 0.7230218605463633,
    "r2": 0.8798806511394587,
    "pearson": 0.9383032289003822,
    "spearman": 0.9124357287790976,
    "n": 37390
  }
}