{
  "fold": 3,
  "best_epoch": 49,
  "val_metrics": {
    "mse": 0.9314462719296551,
    "rmse": 0.965114641858497,
    "mae": 0.7212649208137688,
    "r2": 0.8827378208025876,
    "pearson": 0.9399806936969569,
    "spearman": 0.9132845166170931,
    "n": 37390
  }
}