{
  "fold": 5,
  "best_epoch": 89,
  "val_metrics": {
    "mse": 0.8554107626529885,
    "rmse": 0.9248841887787835,
    "mae": 0.6863787391091287,
    "r2": 0.8930984006233801,
    "pearson": 0.9450759068891105,
    "spearman": 0.9212598733034137,
    "n": 37389
  }
}