{
  "fold": 4,
  "best_epoch": 70,
  "val_metrics": {
    "mse": 0.9399468534009172,
    "rmse": 0.9695085628301161,
    "mae": 0.7222717999106257,
    "r2": 0.8836118703370761,
    "pearson": 0.9401292492322664,
    "spearman": 0.913427025885626,
    "n": 37389
  }
}