{
  "fold": 1,
  "best_epoch": 34,
  "val_metrics": {
    "mse": 0.9957647666288858,
    "rmse": 0.9978801364036093,
    "mae": 0.7431496189110492,
    "r2": 0.8762828882031026,
    "pearson": 0.9361513221509422,
    "spearman": 0.9061745574077423,
    "n": 37390
  }
}