{
  "fold": 3,
  "best_epoch": 99,
  "val_metrics": {
    "mse": 0.9388990005364198,
    "rmse": 0.9689680080046089,
    "mae": 0.7217198676505072,
    "r2": 0.8817995775310936,
    "pearson": 0.9395178062272236,
    "spearman": 0.9121494266321917,
    "n": 37390
  }
}