{
  "fold": 5,
  "best_epoch": 41,
  "val_metrics": {
    "mse": 0.995721466244723,
    "rmse": 0.9978584399827076,
    "mae": 0.745179994830588,
    "r2": 0.8755636216861877,
    "pearson": 0.9360864133382049,
    "spearman": 0.9085089395556898,
    "n": 37389
  }
}