{
  "fold": 2,
  "best_epoch": 95,
  "val_metrics": {
    "mse": 0.9487093820949531,
    "rmse": 0.9740171364483036,
    "mae": 0.71841356117844,
    "r2": 0.8798371412127408,
    "pearson": 0.9380794384714964,
    "spearman": 0.9120073483152458,
    "n": 37390
  }
}