{
  "mse": 1.1098582551604395,
  "rmse": 1.05349810401369,
  "mae": 0.7876884073794432,
  "r2": 0.862572733722443,
  "pearson": 0.9290541862676311,
  "spearman": 0.8994505073797785,
  "n": 37389,
  "n_params_total": 22352193,
  "n_params_trainable": 22352193
}