{
  "mse": 1.0318514837062265,
  "rmse": 1.0158009075139807,
  "mae": 0.7462110788135382,
  "r2": 0.8700975491191688,
  "pearson": 0.9332269609665337,
  "spearman": 0.9056265022244149,
  "n": 37390,
  "n_params_total": 22352193,
  "n_params_trainable": 22352193
}