{
  "mse": 1.0705673460931426,
  "rmse": 1.0346822440213916,
  "mae": 0.7730732213280725,
  "r2": 0.866210051902086,
  "pearson": 0.93090990836538,
  "spearman": 0.9008728408651127,
  "n": 37389,
  "n_params_total": 22352193,
  "n_params_trainable": 22352193
}