{
  "mse": 6.516851856385092,
  "rmse": 2.552812538433853,
  "mae": 1.883632139159664,
  "r2": 0.1362494152813709,
  "pearson": 0.40193586490419964,
  "spearman": 0.27958115706067854,
  "n": 38469,
  "n_params_total": 22352193,
  "n_params_trainable": 22352193
}