{
  "fold": 2,
  "best_epoch": 1,
  "mse": 6.279993843405777,
  "rmse": 2.505991588853757,
  "mae": 1.9544192092079573,
  "r2": 0.13347272332745475,
  "pearson": 0.5318278812429896,
  "spearman": 0.3925874169422148,
  "n": 36569,
  "loss": 6.281621664554089
}