{
  "fold": 4,
  "best_epoch": 7,
  "mse": 9.45386181217515,
  "rmse": 3.0747132894263736,
  "mae": 2.2545885727006096,
  "r2": -0.04240257291700322,
  "pearson": 0.31010787876329954,
  "spearman": 0.27895941883426795,
  "n": 37451,
  "loss": 9.45611274120344
}