{
  "fold": 5,
  "best_epoch": 12,
  "mse": 7.559223902163425,
  "rmse": 2.7494042813241246,
  "mae": 2.044499207439581,
  "r2": -0.0019077016635604682,
  "pearson": 0.35057655945512267,
  "spearman": 0.2657036804116371,
  "n": 38469,
  "loss": 7.55947785203243
}