{
  "fold": 1,
  "best_epoch": 8,
  "mse": 6.336482530982878,
  "rmse": 2.5172370827919406,
  "mae": 1.920278873274903,
  "r2": 0.2151289135058465,
  "pearson": 0.5039219061948379,
  "spearman": 0.4644173327634756,
  "n": 38390,
  "loss": 6.336631426811218
}