{
  "fold": 3,
  "best_epoch": 4,
  "mse": 6.806819052970143,
  "rmse": 2.6089881281773097,
  "mae": 1.90204661969753,
  "r2": 0.08322590230097371,
  "pearson": 0.39524196688079516,
  "spearman": 0.4516194525513972,
  "n": 36069,
  "loss": 6.806932462868115
}