{
  "tag": "SNP+MET+CNV+RNA__attention__morgan__unseen_drug__cd5222",
  "n_folds": 5,
  "mse_mean": 7.08699747761182,
  "mse_std": 1.1947957800755276,
  "rmse_mean": 2.6530127956332823,
  "rmse_std": 0.2202738836491848,
  "mae_mean": 1.9872447307976528,
  "mae_std": 0.12847573032510928,
  "r2_mean": 0.10239549216247867,
  "r2_std": 0.10599652501390153,
  "pearson_mean": 0.42260379646575685,
  "pearson_std": 0.09068339700237446,
  "spearman_mean": 0.3818343616779805,
  "spearman_std": 0.08009728372283485,
  "n_mean": 37389.6,
  "n_std": 957.8145123143624,
  "loss_mean": 7.087957655901578,
  "loss_std": 1.1947649470010033
}