{
  "tag": "SNP+MET+CNV+RNA__attention__graphormer__mixed__672988",
  "n_folds": 5,
  "mse_mean": 0.9452328316261924,
  "mse_std": 0.004228373748847827,
  "rmse_mean": 0.9722284229121442,
  "rmse_std": 0.002173777347703964,
  "mae_mean": 0.7217543110949455,
  "mae_std": 0.0035020543063349796,
  "r2_mean": 0.8817322879743763,
  "r2_std": 0.001315312474780295,
  "pearson_mean": 0.9392713782412534,
  "pearson_std": 0.000782023679190613,
  "spearman_mean": 0.9130770608099473,
  "spearman_std": 0.0006121872984717481,
  "n_mean": 37389.6,
  "n_std": 0.4898979485566356,
  "loss_mean": 0.9444820678681645,
  "loss_std": 0.004880741276320198
}