{
  "fold": 3,
  "best_epoch": 46,
  "val_metrics": {
    "mse": 0.92861121080942,
    "rmse": 0.9636447534280566,
    "mae": 0.7130326652132741,
    "r2": 0.8830947339763641,
    "pearson": 0.9397371287862141,
    "spearman": 0.9132575355350757,
    "n": 37390
  }
}