{
  "fold": 2,
  "best_epoch": 71,
  "val_metrics": {
    "mse": 0.9075048038579079,
    "rmse": 0.9526304655310515,
    "mae": 0.7103033314678281,
    "r2": 0.8850560839253693,
    "pearson": 0.9414019300909312,
    "spearman": 0.9174806147108872,
    "n": 37390
  }
}