{
  "fold": 4,
  "best_epoch": 64,
  "val_metrics": {
    "mse": 0.894304430354803,
    "rmse": 0.9456767049868592,
    "mae": 0.7003763116033809,
    "r2": 0.8892635050357832,
    "pearson": 0.9431417763855573,
    "spearman": 0.9180370849547054,
    "n": 37389
  }
}