{
  "fold": 1,
  "best_epoch": 59,
  "val_metrics": {
    "mse": 0.8725345223719821,
    "rmse": 0.9340955638327281,
    "mae": 0.6884524078202763,
    "r2": 0.8915934217913756,
    "pearson": 0.9443071617557246,
    "spearman": 0.9181721483608635,
    "n": 37390
  }
}