{
  "fold": 5,
  "best_epoch": 52,
  "val_metrics": {
    "mse": 0.8876288444352555,
    "rmse": 0.9421405651150233,
    "mae": 0.701891957753492,
    "r2": 0.8890720724290875,
    "pearson": 0.9429786965805202,
    "spearman": 0.9177053155925838,
    "n": 37389
  }
}