{
  "fold": 3,
  "best_epoch": 10,
  "mse": 1.7428628507107191,
  "rmse": 1.3201753105973157,
  "mae": 0.9902298074983475,
  "r2": 0.7810503060344216,
  "pearson": 0.8846862370285988,
  "spearman": 0.8410532261828154,
  "n": 37577,
  "loss": 1.7424614013863258
}