{
  "fold": 4,
  "best_epoch": 23,
  "mse": 1.5839717621346168,
  "rmse": 1.2585593995257502,
  "mae": 0.9501067299142615,
  "r2": 0.7966540961447132,
  "pearson": 0.8930754796880978,
  "spearman": 0.8495968598004765,
  "n": 37321,
  "loss": 1.5841602370755312
}