{
  "fold": 1,
  "best_epoch": 14,
  "mse": 1.8121287592628652,
  "rmse": 1.3461533193744557,
  "mae": 1.0108979848776036,
  "r2": 0.7772005815764593,
  "pearson": 0.8824354125734563,
  "spearman": 0.8359465760443936,
  "n": 37439,
  "loss": 1.810773053673754
}