{
  "fold": 2,
  "best_epoch": 11,
  "mse": 1.7343672124745158,
  "rmse": 1.3169537624664411,
  "mae": 0.9793924247653143,
  "r2": 0.7840531781665103,
  "pearson": 0.8858621429002623,
  "spearman": 0.8415077314440168,
  "n": 37790,
  "loss": 1.7319469067293245
}