{
  "fold": 5,
  "best_epoch": 8,
  "mse": 1.8119236064852182,
  "rmse": 1.3460771175847313,
  "mae": 1.0039519265931678,
  "r2": 0.7749290182678287,
  "pearson": 0.8823462881474489,
  "spearman": 0.8361357355830047,
  "n": 36821,
  "loss": 1.8118426447941198
}