{
  "mse": 2.308311944737993,
  "rmse": 1.5193129844564592,
  "mae": 1.1866064062583856,
  "r2": 0.730465539450245,
  "pearson": 0.8771177524961441,
  "spearman": 0.8276079028575549,
  "n": 37321,
  "n_params_total": 7965931,
  "n_params_trainable": 7965931
}