{
  "mse": 1.5471561787836625,
  "rmse": 1.243847329371118,
  "mae": 0.9644643174007465,
  "r2": 0.8188581965237492,
  "pearson": 0.9159178229318291,
  "spearman": 0.8818658884735673,
  "n": 37389,
  "n_params_total": 7965931,
  "n_params_trainable": 7965931
}