{
  "tag": "MET+CNV+RNA__attention__morgan__unseen_drug__be2ef6",
  "n_folds": 5,
  "mse_mean": 7.24435500308947,
  "mse_std": 1.3346442420532192,
  "rmse_mean": 2.6802257077427307,
  "rmse_std": 0.246465329497775,
  "mae_mean": 1.9946317268694593,
  "mae_std": 0.14581270329165966,
  "r2_mean": 0.08250107752304936,
  "r2_std": 0.13060126549420814,
  "pearson_mean": 0.4174491289996839,
  "pearson_std": 0.0941279273332713,
  "spearman_mean": 0.38179697047495775,
  "spearman_std": 0.0819487856232896,
  "n_mean": 37389.6,
  "n_std": 957.8145123143624,
  "loss_mean": 7.245100025777431,
  "loss_std": 1.3342469396522991
}