{
  "tag": "SNP+MET+RNA__attention__morgan__unseen_drug__0efc5d",
  "n_folds": 5,
  "mse_mean": 7.147207685210037,
  "mse_std": 1.4261756280480058,
  "rmse_mean": 2.6605415117278626,
  "rmse_std": 0.26215749003768096,
  "mae_mean": 1.9658675971212731,
  "mae_std": 0.1537617715171548,
  "r2_mean": 0.09749331802430575,
  "r2_std": 0.1246051885482852,
  "pearson_mean": 0.4245050954373963,
  "pearson_std": 0.11064848299762968,
  "spearman_mean": 0.37049789481463413,
  "spearman_std": 0.07951131545461403,
  "n_mean": 37389.6,
  "n_std": 957.8145123143624,
  "loss_mean": 7.147842001122254,
  "loss_std": 1.4262486930573424
}