{
  "tag": "SNP+MET+CNV+RNA__attention__chemberta__mixed__516575",
  "n_folds": 5,
  "mse_mean": 0.9397715504504586,
  "mse_std": 0.02610606986332375,
  "rmse_mean": 0.9693255192211765,
  "rmse_std": 0.013401053580039374,
  "mae_mean": 0.7215629948125353,
  "mae_std": 0.009334700075317288,
  "r2_mean": 0.8823967211657958,
  "r2_std": 0.004087666385749679,
  "pearson_mean": 0.9395976757373837,
  "pearson_std": 0.0021431161699745995,
  "spearman_mean": 0.9133614875645779,
  "spearman_std": 0.002408733074066976,
  "n_mean": 37389.6,
  "n_std": 0.4898979485566356,
  "loss_mean": 0.9390209063735024,
  "loss_std": 0.02597326649509663
}