{
  "mse": 1.4633928362411832,
  "rmse": 1.2097077482769065,
  "mae": 0.9207275035383764,
  "r2": 0.8181832279361796,
  "pearson": 0.9105666720769146,
  "spearman": 0.874803376744342,
  "n": 37390,
  "n_params_total": 873761,
  "n_params_trainable": 873761
}