{
  "tag": "SNP+MET+RNA__attention__morgan__mixed__021640",
  "n_folds": 5,
  "mse_mean": 0.9410254916554956,
  "mse_std": 0.008420691945163063,
  "rmse_mean": 0.9700549684004292,
  "rmse_std": 0.00434165142980504,
  "mae_mean": 0.7201259181962858,
  "mae_std": 0.00713734455813276,
  "r2_mean": 0.8822651845054791,
  "r2_std": 0.0010086991869593226,
  "pearson_mean": 0.9393784191910737,
  "pearson_std": 0.0005359932981700101,
  "spearman_mean": 0.9132144344329856,
  "spearman_std": 0.0009458943494200183,
  "n_mean": 37389.6,
  "n_std": 0.4898979485566356,
  "loss_mean": 0.9402801961215284,
  "loss_std": 0.008863493952187286
}