{
  "mse": 1.4530163195892816,
  "rmse": 1.2054112657467912,
  "mae": 0.9129235976443684,
  "r2": 0.820081474338898,
  "pearson": 0.911801853331898,
  "spearman": 0.8777954113915615,
  "n": 37389,
  "n_params_total": 873761,
  "n_params_trainable": 873761
}