{
  "fold": 1,
  "best_epoch": 15,
  "mse": 6.383552887095543,
  "rmse": 2.5265693909124174,
  "mae": 1.9098819899520172,
  "r2": 0.20929852395404536,
  "pearson": 0.5308154442787903,
  "spearman": 0.5267369219372247,
  "n": 38390,
  "loss": 6.383769356409709
}