{
  "fold": 2,
  "best_epoch": 3,
  "mse": 6.0759319501040885,
  "rmse": 2.4649405571137186,
  "mae": 1.9499345753457462,
  "r2": 0.16162962938255043,
  "pearson": 0.5502065921583128,
  "spearman": 0.4968528862173374,
  "n": 36569,
  "loss": 6.077257793266456
}