{
  "fold": 5,
  "best_epoch": 16,
  "mse": 7.155262809508661,
  "rmse": 2.6749322999860503,
  "mae": 1.937195979596538,
  "r2": 0.0516337379262104,
  "pearson": 0.3787166813028149,
  "spearman": 0.35670818466169885,
  "n": 38469,
  "loss": 7.15387820643048
}