{
  "fold": 3,
  "best_epoch": 9,
  "mse": 5.486302379126686,
  "rmse": 2.342285716800298,
  "mae": 1.7907301289552398,
  "r2": 0.2610792391883565,
  "pearson": 0.5505742023152489,
  "spearman": 0.5319618917899974,
  "n": 36069,
  "loss": 5.48615655915957
}