{
  "fold": 4,
  "best_epoch": 10,
  "mse": 7.121423299243495,
  "rmse": 2.668599501469543,
  "mae": 1.9673942188661668,
  "r2": 0.21477697501328985,
  "pearson": 0.5153706275526574,
  "spearman": 0.47806112061324263,
  "n": 37451,
  "loss": 7.121599688871728
}