{
  "tag": "SNP+MET+CNV+RNA__attention__graphormer__unseen_drug__045396",
  "n_folds": 5,
  "mse_mean": 7.2912256398206265,
  "mse_std": 0.7542685092864144,
  "rmse_mean": 2.6964776615612616,
  "rmse_std": 0.14224577505760275,
  "mae_mean": 2.045458488151255,
  "mae_std": 0.0406832607875736,
  "r2_mean": 0.06934524577190707,
  "r2_std": 0.11187491289470486,
  "pearson_mean": 0.43260698783582247,
  "pearson_std": 0.07976198385530218,
  "spearman_mean": 0.4026335097534527,
  "spearman_std": 0.057096633979749054,
  "n_mean": 37389.6,
  "n_std": 957.8145123143624,
  "loss_mean": 7.291459296285664,
  "loss_std": 0.7535092585697326
}