{
  "tag": "CNV+RNA__attention__morgan__unseen_drug__054009",
  "n_folds": 5,
  "mse_mean": 7.287276228339475,
  "mse_std": 1.1762239739673268,
  "rmse_mean": 2.6912668741147012,
  "rmse_std": 0.21061538555471365,
  "mae_mean": 2.0151664964641163,
  "mae_std": 0.12936254402703395,
  "r2_mean": 0.07750345291074226,
  "r2_std": 0.09250909097234196,
  "pearson_mean": 0.41833523850740895,
  "pearson_std": 0.08607363919279436,
  "spearman_mean": 0.3706574603005985,
  "spearman_std": 0.08396488265163951,
  "n_mean": 37389.6,
  "n_std": 957.8145123143624,
  "loss_mean": 7.288155229493858,
  "loss_std": 1.1767530287719792
}