{
  "mse": 1.695764658975838,
  "rmse": 1.3022152890270633,
  "mae": 0.9725819279389215,
  "r2": 0.7915074313170232,
  "pearson": 0.8900364537664385,
  "spearman": 0.8488432488464936,
  "n": 37439,
  "n_params_total": 22352193,
  "n_params_trainable": 22352193
}