{
  "tag": "SNP+MET+CNV+RNA__mlp__morgan__unseen_drug__92abb8",
  "n_folds": 5,
  "mse_mean": 6.891042186700949,
  "mse_std": 1.1793629795224527,
  "rmse_mean": 2.615749839588106,
  "rmse_std": 0.22112205542584157,
  "mae_mean": 1.9786590881078214,
  "mae_std": 0.1430072015032785,
  "r2_mean": 0.12748628285276636,
  "r2_std": 0.10475247794138501,
  "pearson_mean": 0.4448908132928648,
  "pearson_std": 0.09690124137462046,
  "spearman_mean": 0.39955949417729364,
  "spearman_std": 0.07503983324724468,
  "n_mean": 37389.6,
  "n_std": 957.8145123143624,
  "loss_mean": 6.891896592339137,
  "loss_std": 1.179804159320753
}