{
  "tag": "SNP+MET+CNV+RNA__attention__molformer__mixed__6548ee",
  "n_folds": 5,
  "mse_mean": 0.9385368617166637,
  "mse_std": 0.01440397863467926,
  "rmse_mean": 0.9687528140347915,
  "rmse_std": 0.007405877148361684,
  "mae_mean": 0.7171492260316191,
  "mae_std": 0.005370289523004991,
  "r2_mean": 0.882562539460174,
  "r2_std": 0.002551559053326179,
  "pearson_mean": 0.9397549807870783,
  "pearson_std": 0.001372234340742945,
  "spearman_mean": 0.9138544964159354,
  "spearman_std": 0.0015350565724157222,
  "n_mean": 37389.6,
  "n_std": 0.4898979485566356,
  "loss_mean": 0.937493771223078,
  "loss_std": 0.014537874962571687
}