{
  "done": 12,
  "total": 12,
  "elapsed_s": 17746.44083595276,
  "eta_s": 0.0,
  "rows": [
    {
      "stage": "0_baseline",
      "tag": "SNP+MET+CNV+RNA__attention__morgan__unseen_drug__cd5222",
      "label": "omics=SNP+MET+CNV+RNA \u00b7 cell=attention \u00b7 drug=morgan \u00b7 split=unseen_drug",
      "status": "done",
      "dur": 1517.5635385513306,
      "n_folds": 5,
      "mse_mean": 7.08699747761182,
      "mse_std": 1.1947957800755276,
      "rmse_mean": 2.6530127956332823,
      "rmse_std": 0.2202738836491848,
      "mae_mean": 1.9872447307976528,
      "mae_std": 0.12847573032510928,
      "r2_mean": 0.10239549216247867,
      "r2_std": 0.10599652501390153,
      "pearson_mean": 0.42260379646575685,
      "pearson_std": 0.09068339700237446,
      "spearman_mean": 0.3818343616779805,
      "spearman_std": 0.08009728372283485,
      "n_mean": 37389.6,
      "n_std": 957.8145123143624,
      "loss_mean": 7.087957655901578,
      "loss_std": 1.1947649470010033
    },
    {
      "stage": "1_feature",
      "tag": "SNP+RNA__attention__morgan__unseen_drug__e2246a",
      "label": "omics=SNP+RNA \u00b7 cell=attention \u00b7 drug=morgan \u00b7 split=unseen_drug",
      "status": "done",
      "dur": 1753.468582868576,
      "n_folds": 5,
      "mse_mean": 7.085689076110681,
      "mse_std": 1.4017482165102269,
      "rmse_mean": 2.648930769606366,
      "rmse_std": 0.2624020844873483,
      "mae_mean": 1.997473992808229,
      "mae_std": 0.161071538102316,
      "r2_mean": 0.1039907608246412,
      "r2_std": 0.13391479061823056,
      "pearson_mean": 0.42576014038010895,
      "pearson_std": 0.11874037438527697,
      "spearman_mean": 0.37535116177259165,
      "spearman_std": 0.09620591560634223,
      "n_mean": 37389.6,
      "n_std": 957.8145123143624,
      "loss_mean": 7.086845928863191,
      "loss_std": 1.4018906107991806
    },
    {
      "stage": "1_feature",
      "tag": "MET+RNA__attention__morgan__unseen_drug__afb4a9",
      "label": "omics=MET+RNA \u00b7 cell=attention \u00b7 drug=morgan \u00b7 split=unseen_drug",
      "status": "done",
      "dur": 1560.3649311065674,
      "n_folds": 5,
      "mse_mean": 7.103808229988827,
      "mse_std": 1.6137740067667428,
      "rmse_mean": 2.6478446993285125,
      "rmse_std": 0.30451055519755854,
      "mae_mean": 1.9774725779546714,
      "mae_std": 0.19637697626591002,
      "r2_mean": 0.10438873655219916,
      "r2_std": 0.15236117956244336,
      "pearson_mean": 0.4301519704999744,
      "pearson_std": 0.12179418077940199,
      "spearman_mean": 0.38534366219260596,
      "spearman_std": 0.1015757429053739,
      "n_mean": 37389.6,
      "n_std": 957.8145123143624,
      "loss_mean": 7.104901005100058,
      "loss_std": 1.614198254703483
    },
    {
      "stage": "1_feature",
      "tag": "CNV+RNA__attention__morgan__unseen_drug__054009",
      "label": "omics=CNV+RNA \u00b7 cell=attention \u00b7 drug=morgan \u00b7 split=unseen_drug",
      "status": "done",
      "dur": 1472.928340435028,
      "n_folds": 5,
      "mse_mean": 7.287276228339475,
      "mse_std": 1.1762239739673268,
      "rmse_mean": 2.6912668741147012,
      "rmse_std": 0.21061538555471365,
      "mae_mean": 2.0151664964641163,
      "mae_std": 0.12936254402703395,
      "r2_mean": 0.07750345291074226,
      "r2_std": 0.09250909097234196,
      "pearson_mean": 0.41833523850740895,
      "pearson_std": 0.08607363919279436,
      "spearman_mean": 0.3706574603005985,
      "spearman_std": 0.08396488265163951,
      "n_mean": 37389.6,
      "n_std": 957.8145123143624,
      "loss_mean": 7.288155229493858,
      "loss_std": 1.1767530287719792
    },
    {
      "stage": "1_feature",
      "tag": "SNP+MET+RNA__attention__morgan__unseen_drug__0efc5d",
      "label": "omics=SNP+MET+RNA \u00b7 cell=attention \u00b7 drug=morgan \u00b7 split=unseen_drug",
      "status": "done",
      "dur": 1324.4092531204224,
      "n_folds": 5,
      "mse_mean": 7.147207685210037,
      "mse_std": 1.4261756280480058,
      "rmse_mean": 2.6605415117278626,
      "rmse_std": 0.26215749003768096,
      "mae_mean": 1.9658675971212731,
      "mae_std": 0.1537617715171548,
      "r2_mean": 0.09749331802430575,
      "r2_std": 0.1246051885482852,
      "pearson_mean": 0.4245050954373963,
      "pearson_std": 0.11064848299762968,
      "spearman_mean": 0.37049789481463413,
      "spearman_std": 0.07951131545461403,
      "n_mean": 37389.6,
      "n_std": 957.8145123143624,
      "loss_mean": 7.147842001122254,
      "loss_std": 1.4262486930573424
    },
    {
      "stage": "1_feature",
      "tag": "SNP+CNV+RNA__attention__morgan__unseen_drug__229c77",
      "label": "omics=SNP+CNV+RNA \u00b7 cell=attention \u00b7 drug=morgan \u00b7 split=unseen_drug",
      "status": "done",
      "dur": 1772.3638236522675,
      "n_folds": 5,
      "mse_mean": 7.186716575514846,
      "mse_std": 1.0798007761608102,
      "rmse_mean": 2.6733805108269864,
      "rmse_std": 0.19938209509704455,
      "mae_mean": 1.973324568439582,
      "mae_std": 0.13082781597145868,
      "r2_mean": 0.08879616810654925,
      "r2_std": 0.09622501039365214,
      "pearson_mean": 0.4247149888434292,
      "pearson_std": 0.09668152732300217,
      "spearman_mean": 0.3745865354885737,
      "spearman_std": 0.06416062233302361,
      "n_mean": 37389.6,
      "n_std": 957.8145123143624,
      "loss_mean": 7.1874986632809055,
      "loss_std": 1.0796816777636522
    },
    {
      "stage": "1_feature",
      "tag": "MET+CNV+RNA__attention__morgan__unseen_drug__be2ef6",
      "label": "omics=MET+CNV+RNA \u00b7 cell=attention \u00b7 drug=morgan \u00b7 split=unseen_drug",
      "status": "done",
      "dur": 1581.1970348358154,
      "n_folds": 5,
      "mse_mean": 7.24435500308947,
      "mse_std": 1.3346442420532192,
      "rmse_mean": 2.6802257077427307,
      "rmse_std": 0.246465329497775,
      "mae_mean": 1.9946317268694593,
      "mae_std": 0.14581270329165966,
      "r2_mean": 0.08250107752304936,
      "r2_std": 0.13060126549420814,
      "pearson_mean": 0.4174491289996839,
      "pearson_std": 0.0941279273332713,
      "spearman_mean": 0.38179697047495775,
      "spearman_std": 0.0819487856232896,
      "n_mean": 37389.6,
      "n_std": 957.8145123143624,
      "loss_mean": 7.245100025777431,
      "loss_std": 1.3342469396522991
    },
    {
      "stage": "2_attention",
      "tag": "SNP+MET+CNV+RNA__mlp__morgan__unseen_drug__92abb8",
      "label": "omics=SNP+MET+CNV+RNA \u00b7 cell=mlp \u00b7 drug=morgan \u00b7 split=unseen_drug",
      "status": "done",
      "dur": 311.30210065841675,
      "n_folds": 5,
      "mse_mean": 6.891042186700949,
      "mse_std": 1.1793629795224527,
      "rmse_mean": 2.615749839588106,
      "rmse_std": 0.22112205542584157,
      "mae_mean": 1.9786590881078214,
      "mae_std": 0.1430072015032785,
      "r2_mean": 0.12748628285276636,
      "r2_std": 0.10475247794138501,
      "pearson_mean": 0.4448908132928648,
      "pearson_std": 0.09690124137462046,
      "spearman_mean": 0.39955949417729364,
      "spearman_std": 0.07503983324724468,
      "n_mean": 37389.6,
      "n_std": 957.8145123143624,
      "loss_mean": 6.891896592339137,
      "loss_std": 1.179804159320753
    },
    {
      "stage": "3_drug",
      "tag": "SNP+MET+CNV+RNA__attention__chemberta__unseen_drug__fca524",
      "label": "omics=SNP+MET+CNV+RNA \u00b7 cell=attention \u00b7 drug=chemberta \u00b7 split=unseen_drug",
      "status": "done",
      "dur": 1927.8897912502289,
      "n_folds": 5,
      "mse_mean": 6.444494665015695,
      "mse_std": 0.6357843286712525,
      "rmse_mean": 2.535465493256406,
      "rmse_std": 0.12613246022236804,
      "mae_mean": 1.9110273785431418,
      "mae_std": 0.06300559737923049,
      "r2_mean": 0.17968362109289052,
      "r2_std": 0.07135341870110844,
      "pearson_mean": 0.5051367095215649,
      "pearson_std": 0.06456316922843074,
      "spearman_mean": 0.4780642010439003,
      "spearman_std": 0.06380327928737536,