{
  "fold": 5,
  "best_epoch": 48,
  "mse": 0.9231859588913269,
  "rmse": 0.9608256651918322,
  "mae": 0.7174458349046635,
  "r2": 0.8846284617445752,
  "pearson": 0.9407711928680585,
  "spearman": 0.9148343407815408,
  "n": 37389,
  "loss": 0.9219268743495486
}