{
  "fold": 1,
  "best_epoch": 58,
  "mse": 0.9195403378834656,
  "rmse": 0.9589266592829013,
  "mae": 0.7151230138210796,
  "r2": 0.8857532636258819,
  "pearson": 0.9415234436542678,
  "spearman": 0.9140524755497617,
  "n": 37390,
  "loss": 0.9198276976269667
}