{
  "fold": 4,
  "best_epoch": 57,
  "mse": 0.9292542201365606,
  "rmse": 0.9639783297027794,
  "mae": 0.718207132405087,
  "r2": 0.8849358766703143,
  "pearson": 0.9410760112534411,
  "spearman": 0.9147167205519542,
  "n": 37389,
  "loss": 0.9279284635908368
}