{
  "fold": 2,
  "best_epoch": 44,
  "mse": 0.9702018239845309,
  "rmse": 0.9849882354548865,
  "mae": 0.7253634004961239,
  "r2": 0.8771149237365441,
  "pearson": 0.9367377000856272,
  "spearman": 0.9104666451047717,
  "n": 37390,
  "loss": 0.9687381032790747
}