{
  "fold": 3,
  "best_epoch": 46,
  "mse": 0.9626472362479189,
  "rmse": 0.9811458791881659,
  "mae": 0.7268615363880641,
  "r2": 0.8788098507421775,
  "pearson": 0.9374493449747069,
  "spearman": 0.9106379273648408,
  "n": 37390,
  "loss": 0.9601767474067089
}