{
  "mse": 2.39800512472085,
  "rmse": 1.548549361409203,
  "mae": 1.1926665931690301,
  "r2": 0.7051676692880945,
  "pearson": 0.8468215908755459,
  "spearman": 0.7936329635359495,
  "n": 37439,
  "n_params_total": 873761,
  "n_params_trainable": 873761
}