{
  "tag": "SNP+MET+CNV+RNA__attention__morgan__mixed__c94ea3",
  "n_folds": 5,
  "mse_mean": 0.9320332635695058,
  "mse_std": 0.040673906437628034,
  "rmse_mean": 0.965188957474058,
  "rmse_std": 0.021060387927263557,
  "mae_mean": 0.7155765668199237,
  "mae_std": 0.01578792331524216,
  "r2_mean": 0.8833551090162437,
  "r2_std": 0.005851812120607766,
  "pearson_mean": 0.940137437228598,
  "pearson_std": 0.0031311039676811714,
  "spearman_mean": 0.9143375790604316,
  "spearman_std": 0.0033561135879333413,
  "n_mean": 37389.6,
  "n_std": 0.4898979485566356,
  "loss_mean": 0.9309449875110651,
  "loss_std": 0.04004080324243169
}