{
  "fold": 3,
  "best_epoch": 52,
  "val_metrics": {
    "mse": 0.912039231581927,
    "rmse": 0.955007451060947,
    "mae": 0.7083463835481945,
    "r2": 0.8851810232840707,
    "pearson": 0.940954568538641,
    "spearman": 0.9147080050060987,
    "n": 37390
  }
}