{
  "fold": 5,
  "best_epoch": 33,
  "val_metrics": {
    "mse": 0.9196611643025029,
    "rmse": 0.9589896580790134,
    "mae": 0.714347648621115,
    "r2": 0.8850689591003142,
    "pearson": 0.9407872310680169,
    "spearman": 0.914320745443663,
    "n": 37389
  }
}