{
  "fold": 2,
  "best_epoch": 86,
  "val_metrics": {
    "mse": 0.8882077484803271,
    "rmse": 0.9424477431032063,
    "mae": 0.6962315203499839,
    "r2": 0.8875002352999722,
    "pearson": 0.9421222384844029,
    "spearman": 0.9178495762385964,
    "n": 37390
  }
}