{
  "fold": 1,
  "best_epoch": 69,
  "val_metrics": {
    "mse": 0.8773616260453018,
    "rmse": 0.9366758382948189,
    "mae": 0.6930702634681182,
    "r2": 0.8909936864474257,
    "pearson": 0.9440511418655996,
    "spearman": 0.9176826077909859,
    "n": 37390
  }
}