{
  "fold": 4,
  "best_epoch": 57,
  "val_metrics": {
    "mse": 0.8993897909003902,
    "rmse": 0.9483616350846286,
    "mae": 0.7093317673569055,
    "r2": 0.8886338145374099,
    "pearson": 0.9429471642671855,
    "spearman": 0.9171966908573757,
    "n": 37389
  }
}