{
  "mse": 2.3988930116079255,
  "rmse": 1.548836018307918,
  "mae": 1.1699614723401401,
  "r2": 0.7074648531143064,
  "pearson": 0.8507670732778831,
  "spearman": 0.8008762914900222,
  "n": 37439,
  "n_params_total": 7965931,
  "n_params_trainable": 7965931
}