{
  "fold": 5,
  "best_epoch": 20,
  "mse": 7.353111684577052,
  "rmse": 2.7116621626922948,
  "mae": 2.0150740066176676,
  "r2": 0.02541063430313062,
  "pearson": 0.3778637551258449,
  "spearman": 0.27478242735853603,
  "n": 38469,
  "loss": 7.35439518678228
}