{
  "fold": 1,
  "best_epoch": 16,
  "mse": 6.2982466689636105,
  "rmse": 2.509630783394962,
  "mae": 1.87285293928373,
  "r2": 0.219865014713317,
  "pearson": 0.5014866212918087,
  "spearman": 0.44904228272881247,
  "n": 38390,
  "loss": 6.298568903605143
}