{
  "fold": 4,
  "best_epoch": 1,
  "mse": 8.971409582739383,
  "rmse": 2.9952311401191367,
  "mae": 2.19998163816881,
  "r2": 0.010793618783801584,
  "pearson": 0.33433796314519926,
  "spearman": 0.3294700458999615,
  "n": 37451,
  "loss": 8.972241191733819
}