{
  "fold": 2,
  "best_epoch": 6,
  "mse": 5.860714255011793,
  "rmse": 2.4208912108997778,
  "mae": 1.8250627502387227,
  "r2": 0.191325837351909,
  "pearson": 0.5746349025581048,
  "spearman": 0.42655610183368636,
  "n": 36569,
  "loss": 5.862251503484233
}