{
  "fold": 3,
  "best_epoch": 3,
  "mse": 7.450100686282394,
  "rmse": 2.729487257028762,
  "mae": 1.9536515078889791,
  "r2": -0.0034142646194119664,
  "pearson": 0.33525170209618854,
  "spearman": 0.3930818196218723,
  "n": 36069,
  "loss": 7.450036530799054
}