{
  "tag": "SNP+MET+RNA__attention__morgan__unseen_cell__810f37",
  "n_folds": 5,
  "mse_mean": 1.7515469836829483,
  "mse_std": 0.05044429916193034,
  "rmse_mean": 1.3233236347321016,
  "rmse_std": 0.01901424314474316,
  "mae_mean": 0.9932458580291776,
  "mae_std": 0.017299601850449087,
  "r2_mean": 0.7808469327926445,
  "r2_std": 0.005649669453797582,
  "pearson_mean": 0.8841750615670891,
  "pearson_std": 0.002881696457002451,
  "spearman_mean": 0.8388168058845844,
  "spearman_std": 0.005935704122550375,
  "n_mean": 37389.6,
  "n_std": 324.7045426229821,
  "loss_mean": 1.749945289334206,
  "loss_std": 0.051018613038300416
}