{
  "tag": "MET+CNV+RNA__attention__morgan__unseen_cell__ea23a6",
  "n_folds": 5,
  "mse_mean": 1.7599378505323044,
  "mse_std": 0.051545483372278586,
  "rmse_mean": 1.326486025037214,
  "rmse_std": 0.01930481580530206,
  "mae_mean": 0.9942567340700353,
  "mae_std": 0.010799725157939715,
  "r2_mean": 0.7797803326572679,
  "r2_std": 0.005620261769919097,
  "pearson_mean": 0.8837436766830621,
  "pearson_std": 0.002978776007865315,
  "spearman_mean": 0.8378718097846164,
  "spearman_std": 0.003098882816121512,
  "n_mean": 37389.6,
  "n_std": 366.74219828102684,
  "loss_mean": 1.7589802479684462,
  "loss_std": 0.052079441458759555
}