{
  "mse": 2.126682689214672,
  "rmse": 1.4583150171395316,
  "mae": 1.1046106036451877,
  "r2": 0.7479597317442848,
  "pearson": 0.8655080022328625,
  "spearman": 0.8137627659312296,
  "n": 36821,
  "n_params_total": 7965931,
  "n_params_trainable": 7965931
}