{
  "mse": 8.30649460062972,
  "rmse": 2.882098992163475,
  "mae": 2.1793720405056307,
  "r2": -0.11875738627300136,
  "pearson": 0.26067448124170567,
  "spearman": 0.3031859279590511,
  "n": 36069,
  "n_params_total": 22352193,
  "n_params_trainable": 22352193
}