{
  "tag": "MET+RNA__attention__morgan__unseen_cell__caf06f",
  "n_folds": 5,
  "mse_mean": 1.7370090935036857,
  "mse_std": 0.023247664199425568,
  "rmse_mean": 1.3179269711330293,
  "rmse_std": 0.008808647104142692,
  "mae_mean": 0.9881334057143099,
  "mae_std": 0.0067951484946384595,
  "r2_mean": 0.7825754846411637,
  "r2_std": 0.002498708511933596,
  "pearson_mean": 0.8855299091535909,
  "pearson_std": 0.0016200283995180932,
  "spearman_mean": 0.840532448042631,
  "spearman_std": 0.0035715608434608455,
  "n_mean": 37389.6,
  "n_std": 220.0932529633746,
  "loss_mean": 1.7368530052799038,
  "loss_std": 0.023292806613788738
}