{
  "tag": "SNP+MET+CNV+RNA__attention__unimol__mixed__c79b1c",
  "n_folds": 5,
  "mse_mean": 0.9353998293545407,
  "mse_std": 0.020492933991954065,
  "rmse_mean": 0.9671034599790043,
  "rmse_std": 0.010522692202073013,
  "mae_mean": 0.7186731912846381,
  "mae_std": 0.008898368876850103,
  "r2_mean": 0.8829586481196389,
  "r2_std": 0.002994513513288932,
  "pearson_mean": 0.9398835830860841,
  "pearson_std": 0.0017081311691842286,
  "spearman_mean": 0.9138637253358344,
  "spearman_std": 0.002205794379895438,
  "n_mean": 37389.6,
  "n_std": 0.4898979485566356,
  "loss_mean": 0.9342542580370203,
  "loss_std": 0.02001681865272363
}