{
  "fold": 5,
  "best_epoch": 52,
  "val_metrics": {
    "mse": 0.8791706348922389,
    "rmse": 0.9376409946734618,
    "mae": 0.6995177189806968,
    "r2": 0.8901291039366251,
    "pearson": 0.9436463987365404,
    "spearman": 0.9184699775805658,
    "n": 37389
  }
}