{
  "fold": 4,
  "best_epoch": 51,
  "val_metrics": {
    "mse": 0.9092818066330939,
    "rmse": 0.9535626915064861,
    "mae": 0.7136676730488629,
    "r2": 0.8874089439975916,
    "pearson": 0.942491981556811,
    "spearman": 0.9171337584920912,
    "n": 37389
  }
}