{
  "fold": 3,
  "best_epoch": 46,
  "val_metrics": {
    "mse": 0.9208626854298486,
    "rmse": 0.9596159051567709,
    "mae": 0.7107858792827474,
    "r2": 0.884070215868296,
    "pearson": 0.940263447653673,
    "spearman": 0.9135381315945793,
    "n": 37390
  }
}