{
  "fold": 2,
  "best_epoch": 41,
  "val_metrics": {
    "mse": 0.9549449241569915,
    "rmse": 0.9772128346255955,
    "mae": 0.7255664913717574,
    "r2": 0.879047351869024,
    "pearson": 0.9379003010426575,
    "spearman": 0.912552985661233,
    "n": 37390
  }
}