{
  "fold": 1,
  "best_epoch": 49,
  "val_metrics": {
    "mse": 0.9004257952374256,
    "rmse": 0.9489076853084423,
    "mae": 0.7093552852513503,
    "r2": 0.8881281176965804,
    "pearson": 0.942539499534629,
    "spearman": 0.9153264748825489,
    "n": 37390
  }
}