{
  "mse": 1.6253941750784566,
  "rmse": 1.2749094772094436,
  "mae": 0.9567560099778052,
  "r2": 0.7980990692006609,
  "pearson": 0.8943508058667872,
  "spearman": 0.8519477276075187,
  "n": 36821,
  "n_params_total": 22352193,
  "n_params_trainable": 22352193
}