{
  "fold": 3,
  "best_epoch": 5,
  "mse": 6.564679683454252,
  "rmse": 2.5621630868182947,
  "mae": 1.958697127843581,
  "r2": 0.1158383605252713,
  "pearson": 0.4628082064971952,
  "spearman": 0.47820266377752635,
  "n": 36069,
  "loss": 6.564822470888179
}