{
  "fold": 5,
  "best_epoch": 4,
  "mse": 6.692840259219943,
  "rmse": 2.5870524268402337,
  "mae": 1.785557041555338,
  "r2": 0.1129237222623769,
  "pearson": 0.4441468710830754,
  "spearman": 0.40028487166495846,
  "n": 38469,
  "loss": 6.692414108700927
}