{
  "fold": 4,
  "best_epoch": 1,
  "mse": 7.383965068887018,
  "rmse": 2.717345224458427,
  "mae": 2.0828862606904193,
  "r2": 0.18582857047641155,
  "pearson": 0.4704139707778892,
  "spearman": 0.38521105221847435,
  "n": 37451,
  "loss": 7.383814398339177
}