{
  "fold": 2,
  "best_epoch": 4,
  "mse": 4.838824702717945,
  "rmse": 2.1997328707636172,
  "mae": 1.7425985945699254,
  "r2": 0.33232839131764524,
  "pearson": 0.6081657021595872,
  "spearman": 0.49929045203200934,
  "n": 36569,
  "loss": 4.8397259520484015
}