{
  "fold": 1,
  "best_epoch": 5,
  "mse": 6.840529696586505,
  "rmse": 2.6154406314398546,
  "mae": 2.030359363429902,
  "r2": 0.1526948983283043,
  "pearson": 0.4915030886562223,
  "spearman": 0.42359292533211995,
  "n": 38390,
  "loss": 6.840856742858887
}