{
  "mse": 9.19486036481524,
  "rmse": 3.0323028154878,
  "mae": 2.276503015443639,
  "r2": -0.013844530250178622,
  "pearson": 0.3148496768727953,
  "spearman": 0.17085446493250997,
  "n": 37451,
  "n_params_total": 873761,
  "n_params_trainable": 873761
}