{
  "tag": "SNP+MET+CNV+RNA__attention__molformer__unseen_drug__5e2218",
  "n_folds": 5,
  "mse_mean": 6.464167882173133,
  "mse_std": 0.8592798390812874,
  "rmse_mean": 2.5363468480640856,
  "rmse_std": 0.17638749527251607,
  "mae_mean": 1.920019677617833,
  "mae_std": 0.13398116024992357,
  "r2_mean": 0.17992278858200186,
  "r2_std": 0.08074576499077368,
  "pearson_mean": 0.4954075678347939,
  "pearson_std": 0.0583861269463867,
  "spearman_mean": 0.43731639300501773,
  "spearman_std": 0.04424275038054051,
  "n_mean": 37389.6,
  "n_std": 957.8145123143624,
  "loss_mean": 6.4643267345671145,
  "loss_std": 0.8589159862048898
}