{
  "mse": 6.8911348782992565,
  "rmse": 2.6250971178794997,
  "mae": 1.9963594658897628,
  "r2": 0.08664153897570792,
  "pearson": 0.3756690455065198,
  "spearman": 0.328372955151231,
  "n": 38469,
  "n_params_total": 873761,
  "n_params_trainable": 873761
}