{
  "tag": "SNP+MET+CNV+RNA__attention__molformer__unseen_cell__adf8d6",
  "n_folds": 5,
  "mse_mean": 1.7140899802051195,
  "mse_std": 0.06953810286454586,
  "rmse_mean": 1.3089563900007337,
  "rmse_std": 0.02689143509311282,
  "mae_mean": 0.9815302425319066,
  "mae_std": 0.019432596369956655,
  "r2_mean": 0.7856132452007293,
  "r2_std": 0.006426692231748111,
  "pearson_mean": 0.8867639727893986,
  "pearson_std": 0.0035218114545654874,
  "spearman_mean": 0.8430924823734035,
  "spearman_std": 0.0038087805699938324,
  "n_mean": 37389.6,
  "n_std": 324.3119485927091,
  "loss_mean": 1.713420597190511,
  "loss_std": 0.06909402278052912
}