{
  "mse": 1.4342504109373615,
  "rmse": 1.1976019417725414,
  "mae": 0.910941511196515,
  "r2": 0.8300413783991825,
  "pearson": 0.9151857958083078,
  "spearman": 0.8821413368145774,
  "n": 37390,
  "n_params_total": 7965931,
  "n_params_trainable": 7965931
}