{
  "mse": 2.2728366700251597,
  "rmse": 1.507593005431227,
  "mae": 1.1613373476221442,
  "r2": 0.7144715686042388,
  "pearson": 0.8534503429618502,
  "spearman": 0.7933307522623582,
  "n": 37577,
  "n_params_total": 873761,
  "n_params_trainable": 873761
}