{
  "fold": 3,
  "best_epoch": 13,
  "mse": 1.7890294225149221,
  "rmse": 1.3375460450073942,
  "mae": 1.003048680627583,
  "r2": 0.7762190004202139,
  "pearson": 0.88103596084063,
  "spearman": 0.8350525002546472,
  "n": 37431,
  "loss": 1.7879148681009183
}