{
  "fold": 1,
  "best_epoch": 14,
  "mse": 1.753121100892515,
  "rmse": 1.324054795275677,
  "mae": 0.9965653270120342,
  "r2": 0.7821971945465084,
  "pearson": 0.8847421801441578,
  "spearman": 0.8425789120551342,
  "n": 37793,
  "loss": 1.7517497239483368
}