{
  "fold": 2,
  "best_epoch": 20,
  "mse": 1.8056438173048868,
  "rmse": 1.3437424668830285,
  "mae": 1.0148892599291668,
  "r2": 0.7729767575917667,
  "pearson": 0.8794402319223981,
  "spearman": 0.8309778339166335,
  "n": 37513,
  "loss": 1.8086287717835432
}