{
  "fold": 4,
  "best_epoch": 6,
  "mse": 1.8177611159353833,
  "rmse": 1.3482437153331674,
  "mae": 1.012972197916534,
  "r2": 0.7723609635623667,
  "pearson": 0.8788426412851451,
  "spearman": 0.8355519758860696,
  "n": 36992,
  "loss": 1.8177611141056338
}