{
  "fold": 5,
  "best_epoch": 12,
  "mse": 1.7586662243308664,
  "rmse": 1.3261471352496548,
  "mae": 0.9998741998829604,
  "r2": 0.7794492550452238,
  "pearson": 0.8828810822944493,
  "spearman": 0.8363795741334815,
  "n": 37219,
  "loss": 1.7585381072821076
}