{
  "mse": 1.0479829516837853,
  "rmse": 1.023710384671263,
  "mae": 0.7591025474953298,
  "r2": 0.8672632211599338,
  "pearson": 0.9313425643140306,
  "spearman": 0.9028215590538465,
  "n": 37390,
  "n_params_total": 22352193,
  "n_params_trainable": 22352193
}