{
  "tag": "MET+RNA__attention__morgan__unseen_drug__afb4a9",
  "n_folds": 5,
  "mse_mean": 7.103808229988827,
  "mse_std": 1.6137740067667428,
  "rmse_mean": 2.6478446993285125,
  "rmse_std": 0.30451055519755854,
  "mae_mean": 1.9774725779546714,
  "mae_std": 0.19637697626591002,
  "r2_mean": 0.10438873655219916,
  "r2_std": 0.15236117956244336,
  "pearson_mean": 0.4301519704999744,
  "pearson_std": 0.12179418077940199,
  "spearman_mean": 0.38534366219260596,
  "spearman_std": 0.1015757429053739,
  "n_mean": 37389.6,
  "n_std": 957.8145123143624,
  "loss_mean": 7.104901005100058,
  "loss_std": 1.614198254703483
}