{
  "mse": 1.0737001829450468,
  "rmse": 1.0361950506275577,
  "mae": 0.767223884407412,
  "r2": 0.8648291081825221,
  "pearson": 0.9302204736374476,
  "spearman": 0.9007170199453475,
  "n": 37390,
  "n_params_total": 22352193,
  "n_params_trainable": 22352193
}