{
  "mse": 9.34325880197668,
  "rmse": 3.05667446777976,
  "mae": 2.3080244792609155,
  "r2": -0.15730669996276414,
  "pearson": 0.28896067929955743,
  "spearman": 0.3252302205303515,
  "n": 38390,
  "n_params_total": 22352193,
  "n_params_trainable": 22352193
}