{
  "mse": 1.5774136458802426,
  "rmse": 1.255951291205293,
  "mae": 0.9437755887898032,
  "r2": 0.7974960089295324,
  "pearson": 0.8937552834191015,
  "spearman": 0.8518633210500302,
  "n": 37321,
  "n_params_total": 22352193,
  "n_params_trainable": 22352193
}