{
  "mse": 1.0403494419492458,
  "rmse": 1.019975216340694,
  "mae": 0.7632288909804288,
  "r2": 0.8707435405118691,
  "pearson": 0.9332439861983441,
  "spearman": 0.902484245214675,
  "n": 37390,
  "n_params_total": 22352193,
  "n_params_trainable": 22352193
}