{
  "tag": "SNP+MET+CNV+RNA__attention__graphormer__unseen_cell__f3f9a0",
  "n_folds": 5,
  "mse_mean": 1.737050838213587,
  "mse_std": 0.08332683904637739,
  "rmse_mean": 1.317583781909739,
  "rmse_std": 0.03199712271465804,
  "mae_mean": 0.986915774729739,
  "mae_std": 0.021390961932538713,
  "r2_mean": 0.7827774360379867,
  "r2_std": 0.007614081151725512,
  "pearson_mean": 0.8856811120675727,
  "pearson_std": 0.0039333150597775585,
  "spearman_mean": 0.8408480258109414,
  "spearman_std": 0.004964862614366537,
  "n_mean": 37389.6,
  "n_std": 324.3119485927091,
  "loss_mean": 1.7362368487318112,
  "loss_std": 0.0830136455245175
}