{
  "fold": 4,
  "best_epoch": 40,
  "mse": 0.9450738447611862,
  "rmse": 0.9721490856659724,
  "mae": 0.7255849813648737,
  "r2": 0.8829770249380404,
  "pearson": 0.9396895166600528,
  "spearman": 0.913817323475162,
  "n": 37389,
  "loss": 0.9431053940143195
}