{
  "fold": 2,
  "best_epoch": 57,
  "mse": 0.9377329890983477,
  "rmse": 0.9683661441305905,
  "mae": 0.7136006628212228,
  "r2": 0.8812274033799938,
  "pearson": 0.938827387241041,
  "spearman": 0.9138864776787374,
  "n": 37390,
  "loss": 0.9372842598693769
}