{
  "fold": 3,
  "best_epoch": 90,
  "mse": 0.927810327352493,
  "rmse": 0.9632291146723572,
  "mae": 0.7098252981855123,
  "r2": 0.8831955592652428,
  "pearson": 0.939791055253721,
  "spearman": 0.9142302812156458,
  "n": 37390,
  "loss": 0.9254168295412747
}