{
  "fold": 5,
  "best_epoch": 33,
  "mse": 0.9533810244312441,
  "rmse": 0.9764123229615879,
  "mae": 0.7282200426337148,
  "r2": 0.8808549520572667,
  "pearson": 0.9386398242761504,
  "spearman": 0.9121056797105181,
  "n": 37389,
  "loss": 0.9523753719118268
}