{
  "fold": 1,
  "best_epoch": 41,
  "mse": 0.9411292726342073,
  "rmse": 0.9701181745716381,
  "mae": 0.7233986059761058,
  "r2": 0.8830709828868518,
  "pearson": 0.9399443125244027,
  "spearman": 0.9120324100848642,
  "n": 37390,
  "loss": 0.9432191252708435
}