{
  "fold": 5,
  "best_epoch": 10,
  "mse": 1.7565646951594163,
  "rmse": 1.3253545545096286,
  "mae": 0.9926222773220202,
  "r2": 0.7818055137641768,
  "pearson": 0.884364577013504,
  "spearman": 0.838414442158753,
  "n": 36821,
  "loss": 1.756382468673918
}