{
  "fold": 1,
  "best_epoch": 22,
  "mse": 1.8091414490923208,
  "rmse": 1.3450432889287693,
  "mae": 1.0061108364176858,
  "r2": 0.7775678683739597,
  "pearson": 0.882601791160268,
  "spearman": 0.8375723830038785,
  "n": 37439,
  "loss": 1.8075969231413493
}