{
  "fold": 2,
  "best_epoch": 14,
  "mse": 1.7447634912410033,
  "rmse": 1.3208949584433287,
  "mae": 0.9837260488512923,
  "r2": 0.7827587329403953,
  "pearson": 0.8850639926429137,
  "spearman": 0.8390093109009972,
  "n": 37790,
  "loss": 1.7422865675510586
}