{
  "fold": 4,
  "best_epoch": 10,
  "mse": 1.6245980410768113,
  "rmse": 1.2745972073862437,
  "mae": 0.9619693888810272,
  "r2": 0.7914386070752335,
  "pearson": 0.8920604733466494,
  "spearman": 0.8489996287944043,
  "n": 37321,
  "loss": 1.6242029740385813
}