{
  "fold": 3,
  "best_epoch": 13,
  "mse": 1.748998910259121,
  "rmse": 1.322497225047796,
  "mae": 0.9959608448901747,
  "r2": 0.7802794545817503,
  "pearson": 0.8847339261328213,
  "spearman": 0.8421025230525239,
  "n": 37577,
  "loss": 1.748160615664761
}