{
  "fold": 2,
  "best_epoch": 57,
  "mse": 0.9538327315015344,
  "rmse": 0.9766436051608255,
  "mae": 0.7256488245273713,
  "r2": 0.879188221403493,
  "pearson": 0.9378583961811403,
  "spearman": 0.9124936182020541,
  "n": 37390,
  "loss": 0.952333661273071
}