{
  "fold": 1,
  "best_epoch": 56,
  "mse": 0.9256646064070292,
  "rmse": 0.9621146534623767,
  "mae": 0.7146498067558921,
  "r2": 0.8849923642257465,
  "pearson": 0.9407644272502682,
  "spearman": 0.9137006376323149,
  "n": 37390,
  "loss": 0.9279022924729174
}