{
  "fold": 5,
  "best_epoch": 49,
  "mse": 0.9220604917854903,
  "rmse": 0.9602398095192108,
  "mae": 0.7139368981278522,
  "r2": 0.8847691125744602,
  "pearson": 0.9408822137740264,
  "spearman": 0.9146484629171827,
  "n": 37389,
  "loss": 0.9214579336879196
}