{
  "fold": 3,
  "best_epoch": 33,
  "mse": 0.9921987099771847,
  "rmse": 0.996091717653141,
  "mae": 0.7429351989570447,
  "r2": 0.8750895393163667,
  "pearson": 0.9357257635967522,
  "spearman": 0.9081982074535396,
  "n": 37390,
  "loss": 0.9896419080349366
}