{
  "fold": 4,
  "best_epoch": 50,
  "mse": 0.9490951848826594,
  "rmse": 0.974215163545846,
  "mae": 0.7202091864974279,
  "r2": 0.8824790858750143,
  "pearson": 0.9396951024923815,
  "spearman": 0.9138464904041292,
  "n": 37389,
  "loss": 0.9479841260372982
}