{
  "mse": 2.2382580050080714,
  "rmse": 1.4960808818403073,
  "mae": 1.150477703745643,
  "r2": 0.7126586420880532,
  "pearson": 0.8498730951989791,
  "spearman": 0.7923188045404407,
  "n": 37321,
  "n_params_total": 873761,
  "n_params_trainable": 873761
}