{
  "tag": "CNV+RNA__attention__morgan__unseen_cell__0be55f",
  "n_folds": 5,
  "mse_mean": 1.7881006082432027,
  "mse_std": 0.07437193439590618,
  "rmse_mean": 1.3369112114233126,
  "rmse_std": 0.027731228134609428,
  "mae_mean": 1.001046002656659,
  "mae_std": 0.02056806970860776,
  "r2_mean": 0.7761187035385159,
  "r2_std": 0.010956506601993326,
  "pearson_mean": 0.8821021294966933,
  "pearson_std": 0.005076822547387529,
  "spearman_mean": 0.8354368347014987,
  "spearman_std": 0.006298822552759352,
  "n_mean": 37389.6,
  "n_std": 238.07108182221546,
  "loss_mean": 1.7874069890088822,
  "loss_std": 0.07432202157425137
}