{
  "mse": 1.3566001675892163,
  "rmse": 1.1647318007117418,
  "mae": 0.8878337486131488,
  "r2": 0.8292140983932955,
  "pearson": 0.9155537660753438,
  "spearman": 0.8829230342972226,
  "n": 37390,
  "n_params_total": 873761,
  "n_params_trainable": 873761
}