{
  "fold": 4,
  "best_epoch": 8,
  "mse": 1.7579015463414525,
  "rmse": 1.3258587957778356,
  "mae": 0.9930739504213281,
  "r2": 0.7851188269845094,
  "pearson": 0.8864085535703058,
  "spearman": 0.8416605603179461,
  "n": 37324,
  "loss": 1.7569836633254403
}