{
  "fold": 5,
  "best_epoch": 14,
  "mse": 1.7578320126510274,
  "rmse": 1.325832573385881,
  "mae": 0.9893428157788765,
  "r2": 0.7793387071098667,
  "pearson": 0.8830734339250591,
  "spearman": 0.8382309607962771,
  "n": 37367,
  "loss": 1.75790028151584
}