{
  "fold": 2,
  "best_epoch": 14,
  "mse": 1.724787096926289,
  "rmse": 1.313311500340376,
  "mae": 0.9779817115883557,
  "r2": 0.7830812816839452,
  "pearson": 0.8850067028223985,
  "spearman": 0.8427864133727043,
  "n": 37759,
  "loss": 1.724786622241392
}