{
  "fold": 1,
  "best_epoch": 14,
  "mse": 1.794050056606445,
  "rmse": 1.3394215380553074,
  "mae": 1.0045481149666649,
  "r2": 0.7727951036926854,
  "pearson": 0.8798339790731803,
  "spearman": 0.8325470835116898,
  "n": 36904,
  "loss": 1.7919955517593964
}