{
  "fold": 3,
  "best_epoch": 11,
  "mse": 1.7567775130145076,
  "rmse": 1.325434839218627,
  "mae": 1.0045351582075102,
  "r2": 0.7793983629713649,
  "pearson": 0.8832419547103286,
  "spearman": 0.8389743809966274,
  "n": 37594,
  "loss": 1.7560379582197487
}