{
  "tag": "SNP+MET+CNV+RNA__attention__chemberta__unseen_drug__fca524",
  "n_folds": 5,
  "mse_mean": 6.444494665015695,
  "mse_std": 0.6357843286712525,
  "rmse_mean": 2.535465493256406,
  "rmse_std": 0.12613246022236804,
  "mae_mean": 1.9110273785431418,
  "mae_std": 0.06300559737923049,
  "r2_mean": 0.17968362109289052,
  "r2_std": 0.07135341870110844,
  "pearson_mean": 0.5051367095215649,
  "pearson_std": 0.06456316922843074,
  "spearman_mean": 0.4780642010439003,
  "spearman_std": 0.06380327928737536,
  "n_mean": 37389.6,
  "n_std": 957.8145123143624,
  "loss_mean": 6.444532320827589,
  "loss_std": 0.6353988705191134
}