{
  "mse": 8.019604834662307,
  "rmse": 2.831890681975967,
  "mae": 2.1319240768553844,
  "r2": 0.14378968247365564,
  "pearson": 0.47294080099345637,
  "spearman": 0.4628892941695901,
  "n": 38390,
  "n_params_total": 7965931,
  "n_params_trainable": 7965931
}