{
  "fold": 1,
  "best_epoch": 51,
  "val_metrics": {
    "mse": 0.8926604594908107,
    "rmse": 0.9448071017360161,
    "mae": 0.6991704995091322,
    "r2": 0.8890929087224336,
    "pearson": 0.9430758340639058,
    "spearman": 0.9159833243794053,
    "n": 37390
  }
}