{
  "fold": 2,
  "best_epoch": 59,
  "val_metrics": {
    "mse": 0.9147868492490898,
    "rmse": 0.9564449013137609,
    "mae": 0.7063778282090588,
    "r2": 0.8841337452107559,
    "pearson": 0.9405517120506471,
    "spearman": 0.9152265843639985,
    "n": 37390
  }
}