{
  "fold": 4,
  "best_epoch": 51,
  "val_metrics": {
    "mse": 0.9080828017236708,
    "rmse": 0.9529337866419003,
    "mae": 0.7069886477583084,
    "r2": 0.8875574097734592,
    "pearson": 0.9424573781910334,
    "spearman": 0.9172544023331834,
    "n": 37389
  }
}