{
  "fold": 3,
  "best_epoch": 73,
  "val_metrics": {
    "mse": 0.9020178939759957,
    "rmse": 0.9497462260919997,
    "mae": 0.705064680465974,
    "r2": 0.8864426353829736,
    "pearson": 0.9418283487573939,
    "spearman": 0.9167906427388072,
    "n": 37390
  }
}