{
  "fold": 5,
  "best_epoch": 33,
  "val_metrics": {
    "mse": 0.9211733506987977,
    "rmse": 0.9597777610982647,
    "mae": 0.7147866253572116,
    "r2": 0.8848799795464235,
    "pearson": 0.9407062160519281,
    "spearman": 0.914269816012826,
    "n": 37389
  }
}