{
  "mse": 1.6997300072963921,
  "rmse": 1.3037369394538119,
  "mae": 1.0146921620862133,
  "r2": 0.8001867309966587,
  "pearson": 0.910525294084973,
  "spearman": 0.8761067691399094,
  "n": 37389,
  "n_params_total": 7965931,
  "n_params_trainable": 7965931
}