{
  "fold": 2,
  "best_epoch": 94,
  "val_metrics": {
    "mse": 0.8918460396155399,
    "rmse": 0.9443760054213257,
    "mae": 0.6997884194840951,
    "r2": 0.8870394119201696,
    "pearson": 0.9420639575797026,
    "spearman": 0.9173147647587729,
    "n": 37390
  }
}