{
  "fold": 4,
  "best_epoch": 56,
  "val_metrics": {
    "mse": 0.9010106019681526,
    "rmse": 0.9492157826164463,
    "mae": 0.705817923266129,
    "r2": 0.88843311896826,
    "pearson": 0.9426359608188707,
    "spearman": 0.9171551981672589,
    "n": 37389
  }
}