{
  "fold": 1,
  "best_epoch": 87,
  "val_metrics": {
    "mse": 0.8653221637569402,
    "rmse": 0.9302269420721699,
    "mae": 0.6916733965521888,
    "r2": 0.8924895091073761,
    "pearson": 0.9448579165895317,
    "spearman": 0.9192296396427897,
    "n": 37390
  }
}