{
  "fold": 5,
  "best_epoch": 72,
  "val_metrics": {
    "mse": 0.8703257280233296,
    "rmse": 0.9329124975169588,
    "mae": 0.6935040633483511,
    "r2": 0.8912344614232333,
    "pearson": 0.9441122429228475,
    "spearman": 0.9189297303158972,
    "n": 37389
  }
}