{
  "fold": 3,
  "best_epoch": 39,
  "val_metrics": {
    "mse": 0.9532509243810169,
    "rmse": 0.9763456992177602,
    "mae": 0.7266245623802321,
    "r2": 0.8799927767349445,
    "pearson": 0.9381220041401814,
    "spearman": 0.9112786843786133,
    "n": 37390
  }
}