{
  "mse": 7.731161182337561,
  "rmse": 2.7804965711788894,
  "mae": 2.256945507292283,
  "r2": -0.06676251732735872,
  "pearson": 0.38922054330584877,
  "spearman": 0.253686699867704,
  "n": 36569,
  "n_params_total": 873761,
  "n_params_trainable": 873761
}