{
  "mse": 1.5431710108704737,
  "rmse": 1.2422443442698679,
  "mae": 0.9379021199565983,
  "r2": 0.8071482655081527,
  "pearson": 0.9071075102301984,
  "spearman": 0.8735008747549503,
  "n": 37389,
  "n_params_total": 873761,
  "n_params_trainable": 873761
}