{
  "tag": "CNV+RNA__attention__morgan__mixed__47a229",
  "n_folds": 5,
  "mse_mean": 0.9335858563413606,
  "mse_std": 0.02006168570648648,
  "rmse_mean": 0.9661664809737381,
  "rmse_std": 0.010401316463990213,
  "mae_mean": 0.7160220957212104,
  "mae_std": 0.007890302419848816,
  "r2_mean": 0.8831726440519357,
  "r2_std": 0.0034111944558993224,
  "pearson_mean": 0.9399089009197581,
  "pearson_std": 0.0017819990916834816,
  "spearman_mean": 0.9139329517280357,
  "spearman_std": 0.00168765356855978,
  "n_mean": 37389.6,
  "n_std": 0.4898979485566356,
  "loss_mean": 0.9324413604296922,
  "loss_std": 0.019153407414781127
}