{
  "mse": 3.6644775464182544,
  "rmse": 1.9142825147867424,
  "mae": 1.4211886801246727,
  "r2": 0.40717639776737746,
  "pearson": 0.6810123884691145,
  "spearman": 0.620595550866361,
  "n": 36569,
  "n_params_total": 7965931,
  "n_params_trainable": 7965931
}