{
  "mse": 1.4998249503258374,
  "rmse": 1.2246734055762938,
  "mae": 0.920193654007056,
  "r2": 0.8222707978634656,
  "pearson": 0.907615830119033,
  "spearman": 0.8735170158805747,
  "n": 37390,
  "n_params_total": 7965931,
  "n_params_trainable": 7965931
}