{
  "mse": 1.486447772305398,
  "rmse": 1.2191996441540647,
  "mae": 0.9331811977534326,
  "r2": 0.8159418527790432,
  "pearson": 0.9106284309615673,
  "spearman": 0.8769483790694242,
  "n": 37389,
  "n_params_total": 873761,
  "n_params_trainable": 873761
}