{
  "mse": 60.02973634000108,
  "rmse": 7.747885927141744,
  "mae": 3.137218507123955,
  "r2": -0.15367819595745735,
  "pearson": 0.0801153462362045,
  "spearman": 0.21850678275053417,
  "n": 223411
}