{
  "mse": 11.861433460633062,
  "rmse": 3.444043185070864,
  "mae": 2.7876048685630046,
  "r2": -1.1368477871566203,
  "pearson": 0.5253149313905306,
  "spearman": 0.41183474645914975,
  "n": 39433
}