{
  "mse": 61.88428038167403,
  "rmse": 7.866656238941297,
  "mae": 3.4197414267046535,
  "r2": -0.18931964892341346,
  "pearson": 0.09077728821765872,
  "spearman": 0.2392068495847904,
  "n": 223411
}