{
  "mse": 62.77316765507478,
  "rmse": 7.922951953348877,
  "mae": 3.5413433621843278,
  "r2": -0.20640268024272945,
  "pearson": 0.08613492529650947,
  "spearman": 0.22816514452751419,
  "n": 223411
}