{
  "mse": 12.237798635167534,
  "rmse": 3.4982565136318313,
  "mae": 2.839076539227183,
  "r2": -1.204650308077551,
  "pearson": 0.5202284524661076,
  "spearman": 0.4285941507965716,
  "n": 39433
}