{
  "mse": 61.83663974838681,
  "rmse": 7.863627645583609,
  "mae": 3.4170852401565117,
  "r2": -0.18840407002508597,
  "pearson": 0.09183768243234601,
  "spearman": 0.24152382942725234,
  "n": 223411
}