{
  "mse": 12.592065018148187,
  "rmse": 3.5485299798857817,
  "mae": 2.8929735557702667,
  "r2": -1.2684717120460207,
  "pearson": 0.519881770101957,
  "spearman": 0.4338837868627963,
  "n": 39433
}