{
  "mse": 12.176936860993797,
  "rmse": 3.489546798796915,
  "mae": 2.8301509865642447,
  "r2": -1.193686005331411,
  "pearson": 0.5232436692171442,
  "spearman": 0.4325656624036895,
  "n": 39433
}