{
  "mse": 61.75579207045439,
  "rmse": 7.8584853547267235,
  "mae": 3.396699576604968,
  "r2": -0.18685030336024266,
  "pearson": 0.0906409059555663,
  "spearman": 0.23716113888272888,
  "n": 223411
}