{
  "mse": 12.600537976780892,
  "rmse": 3.5497236479451315,
  "mae": 2.886492948467475,
  "r2": -1.2699981230793123,
  "pearson": 0.5102625511013731,
  "spearman": 0.42266808203985207,
  "n": 39433
}