{
  "mse": 12.698017965586844,
  "rmse": 3.563427839256303,
  "mae": 2.9039423732580025,
  "r2": -1.2875592297586507,
  "pearson": 0.5188674928881716,
  "spearman": 0.4270682328227057,
  "n": 39433
}