{
  "mse": 61.9123493182397,
  "rmse": 7.868440081632426,
  "mae": 3.418076861902943,
  "r2": -0.1898590902415649,
  "pearson": 0.08377576517320617,
  "spearman": 0.2290529032697036,
  "n": 223411
}