{
  "mse": 61.337842643603786,
  "rmse": 7.831847971175372,
  "mae": 3.3327873998895443,
  "r2": -0.17881796521970084,
  "pearson": 0.09073275901799918,
  "spearman": 0.24035408620001333,
  "n": 223411
}