{
  "mse": 13.17443160665307,
  "rmse": 3.62965998499213,
  "mae": 3.0032109627329775,
  "r2": -1.3733855709055547,
  "pearson": 0.545557273471167,
  "spearman": 0.45511226137917454,
  "n": 39433
}