{
  "mse": 13.8319447491082,
  "rmse": 3.71913225754452,
  "mae": 3.0418051059577027,
  "r2": -1.4918371482924462,
  "pearson": 0.4950642963745568,
  "spearman": 0.394394356011075,
  "n": 39433
}