{
  "mse": 61.462596811908924,
  "rmse": 7.839808467807675,
  "mae": 3.3566972674542894,
  "r2": -0.18121554636204107,
  "pearson": 0.0906233610182358,
  "spearman": 0.24013590229918072,
  "n": 223411
}