{
  "mse": 61.40967385162909,
  "rmse": 7.836432469665587,
  "mae": 3.381757640711955,
  "r2": -0.18019844935207674,
  "pearson": 0.09900670497277689,
  "spearman": 0.25585206142069394,
  "n": 223411
}