{
  "mse": 12.37446041461728,
  "rmse": 3.517735125704788,
  "mae": 2.8550791330863032,
  "r2": -1.2292700491885458,
  "pearson": 0.515256461013567,
  "spearman": 0.4248849058601124,
  "n": 39433
}