{
  "mse": 12.57311788976248,
  "rmse": 3.5458592597228784,
  "mae": 2.880802356390939,
  "r2": -1.2650583700162956,
  "pearson": 0.5140947959790293,
  "spearman": 0.42062251081452917,
  "n": 39433
}