{
  "mse": 12.391186232710561,
  "rmse": 3.520111679011131,
  "mae": 2.919064696898342,
  "r2": -1.23228322019352,
  "pearson": 0.5569196447530808,
  "spearman": 0.47807264631134794,
  "n": 39433
}