{
  "mse": 61.850072658720244,
  "rmse": 7.864481715836095,
  "mae": 3.405147837321336,
  "r2": -0.188662229675699,
  "pearson": 0.09061769076950846,
  "spearman": 0.23835621663929848,
  "n": 223411
}