{
  "mse": 60.90521808571449,
  "rmse": 7.804179526748118,
  "mae": 3.2785727696816873,
  "r2": -0.17050359387804237,
  "pearson": 0.09141436020078289,
  "spearman": 0.241208903586784,
  "n": 223411
}