{
  "mse": 14.491868363402075,
  "rmse": 3.8068186669976907,
  "mae": 3.107904334996622,
  "r2": -1.6107229743248928,
  "pearson": 0.4756057163667374,
  "spearman": 0.35120827273916144,
  "n": 39433
}