{
  "mse": 12.911792310494667,
  "rmse": 3.5932982495883454,
  "mae": 2.938886226393219,
  "r2": -1.3260708681186535,
  "pearson": 0.5163691783028035,
  "spearman": 0.41849518725158724,
  "n": 39433
}