{
  "mse": 62.0524411622091,
  "rmse": 7.8773371872866464,
  "mae": 3.4549190299101267,
  "r2": -0.19255143766257565,
  "pearson": 0.08903471183618118,
  "spearman": 0.23596489295540987,
  "n": 223411
}