{
  "mse": 62.03295940963797,
  "rmse": 7.876100520539207,
  "mae": 3.4296333355464377,
  "r2": -0.192177028669122,
  "pearson": 0.09027999612168687,
  "spearman": 0.2387634973358926,
  "n": 223411
}