{
  "mse": 26.188898065768694,
  "rmse": 5.117508970756055,
  "mae": 4.473335205772222,
  "r2": -3.7179532782137583,
  "pearson": 0.39148603566287604,
  "spearman": 0.34538551944369306,
  "n": 39433
}