{
  "mse": 76.07440549989172,
  "rmse": 8.72206429120376,
  "mae": 4.94490131854794,
  "r2": -0.4620317903540134,
  "pearson": 0.062249100317223374,
  "spearman": 0.20164189151502018,
  "n": 223411
}