{
  "fold": 4,
  "best_epoch": 7,
  "mse": 9.283199325312001,
  "rmse": 3.0468343120872197,
  "mae": 2.2606186234535928,
  "r2": -0.023584970233467617,
  "pearson": 0.30578384658301305,
  "spearman": 0.26849446930774096,
  "n": 37451,
  "loss": 9.28460885884412
}