{
  "fold": 5,
  "best_epoch": 23,
  "mse": 7.818676689400393,
  "rmse": 2.796189673359158,
  "mae": 2.042532016426103,
  "r2": -0.036295854351616086,
  "pearson": 0.32960536943702134,
  "spearman": 0.254591554811975,
  "n": 38469,
  "loss": 7.820954826583102
}