{
  "fold": 3,
  "best_epoch": 6,
  "mse": 7.0304909717302735,
  "rmse": 2.6515073018436652,
  "mae": 2.008707864266572,
  "r2": 0.053100726369867846,
  "pearson": 0.35982968409562144,
  "spearman": 0.409048969256507,
  "n": 36069,
  "loss": 7.030462177087229
}