{
  "fold": 2,
  "best_epoch": 7,
  "mse": 5.247135844834219,
  "rmse": 2.290662752313011,
  "mae": 1.777345329547691,
  "r2": 0.27598872748428216,
  "pearson": 0.603737860240392,
  "spearman": 0.45929267747275293,
  "n": 36569,
  "loss": 5.249093335825247
}