{
  "fold": 1,
  "best_epoch": 2,
  "mse": 6.048942549276518,
  "rmse": 2.459459808428777,
  "mae": 1.8981661303471857,
  "r2": 0.2507451748541397,
  "pearson": 0.529843941544497,
  "spearman": 0.4853281380139826,
  "n": 38390,
  "loss": 6.0491104459762575
}