{
  "tag": "SNP+MET+CNV+RNA__attention__unimol__unseen_cell__e1ff41",
  "n_folds": 5,
  "mse_mean": 1.7032228367132887,
  "mse_std": 0.03816017506510007,
  "rmse_mean": 1.3049942657897808,
  "rmse_std": 0.014587767789455905,
  "mae_mean": 0.9776049492535502,
  "mae_std": 0.010043767013700366,
  "r2_mean": 0.7869241188059597,
  "r2_std": 0.0027136242043317616,
  "pearson_mean": 0.8879375962043028,
  "pearson_std": 0.0016960930209300273,
  "spearman_mean": 0.8446977430979704,
  "spearman_std": 0.002506457074314692,
  "n_mean": 37389.6,
  "n_std": 324.3119485927091,
  "loss_mean": 1.702279397036913,
  "loss_std": 0.03776187924198714
}