{
  "mse": 6.659709551478953,
  "rmse": 2.580641306241329,
  "mae": 2.0051234977090564,
  "r2": 0.10303929394224298,
  "pearson": 0.3996233036552935,
  "spearman": 0.337797011917635,
  "n": 36069,
  "n_params_total": 873761,
  "n_params_trainable": 873761
}