{
  "tag": "SNP+MET+CNV+RNA__mlp__morgan__unseen_cell__4c020b",
  "n_folds": 5,
  "mse_mean": 1.7119797398259842,
  "mse_std": 0.08211218262433055,
  "rmse_mean": 1.3080460133437988,
  "rmse_std": 0.03154943424815392,
  "mae_mean": 0.9804062721434468,
  "mae_std": 0.021292235187410184,
  "r2_mean": 0.7859148794968454,
  "r2_std": 0.007367847854123341,
  "pearson_mean": 0.8871360222996343,
  "pearson_std": 0.004032605798857645,
  "spearman_mean": 0.8437388089584207,
  "spearman_std": 0.0042764102307722525,
  "n_mean": 37389.6,
  "n_std": 324.3119485927091,
  "loss_mean": 1.7113625255891374,
  "loss_std": 0.08184946669469052
}