{
  "mse": 1.5096209185829605,
  "rmse": 1.2286663170214118,
  "mae": 0.9343061857776541,
  "r2": 0.8087924826707773,
  "pearson": 0.904648986612379,
  "spearman": 0.8705058681762504,
  "n": 37390,
  "n_params_total": 873761,
  "n_params_trainable": 873761
}