{
  "mse": 2.1206264294546417,
  "rmse": 1.4562370787253844,
  "mae": 1.0996254145830957,
  "r2": 0.7484296700378272,
  "pearson": 0.8678349572385539,
  "spearman": 0.8181947076138878,
  "n": 37790,
  "n_params_total": 7965931,
  "n_params_trainable": 7965931
}