{
  "mse": 1.4724280572283517,
  "rmse": 1.2134364660864414,
  "mae": 0.9145558724534633,
  "r2": 0.8146322259773608,
  "pearson": 0.9068631332246727,
  "spearman": 0.8714360772360602,
  "n": 37390,
  "n_params_total": 873761,
  "n_params_trainable": 873761
}