{
  "fold": 1,
  "best_epoch": 61,
  "mse": 0.9237794248970476,
  "rmse": 0.9611344468371985,
  "mae": 0.7176151668313259,
  "r2": 0.8852265854187873,
  "pearson": 0.9413120712055736,
  "spearman": 0.9139348658853855,
  "n": 37390,
  "loss": 0.9238965407573322
}