{
  "fold": 5,
  "best_epoch": 53,
  "mse": 0.9181204479793282,
  "rmse": 0.9581860195073441,
  "mae": 0.7187722753796539,
  "r2": 0.8852615040697301,
  "pearson": 0.9411600749652745,
  "spearman": 0.9157742041748557,
  "n": 37389,
  "loss": 0.9167332744842503
}