{
  "fold": 3,
  "best_epoch": 34,
  "mse": 0.9750223920745653,
  "rmse": 0.9874322215091855,
  "mae": 0.7328839914965687,
  "r2": 0.8772519103822534,
  "pearson": 0.9366732948545089,
  "spearman": 0.9096135328112327,
  "n": 37390,
  "loss": 0.9728748767856038
}