{
  "fold": 4,
  "best_epoch": 55,
  "mse": 0.9344403978017018,
  "rmse": 0.9666645735733268,
  "mae": 0.7192937388637273,
  "r2": 0.8842937025767882,
  "pearson": 0.94062864551665,
  "spearman": 0.9148651485778022,
  "n": 37389,
  "loss": 0.9333471192027929
}