{
  "fold": 2,
  "best_epoch": 89,
  "mse": 0.9256364840200614,
  "rmse": 0.9621000384679659,
  "mae": 0.7048007838519154,
  "r2": 0.8827595381506353,
  "pearson": 0.9396438288884137,
  "spearman": 0.9151308752298957,
  "n": 37390,
  "loss": 0.9244194789551224
}