{
  "tag": "SNP+CNV+RNA__attention__morgan__mixed__ad3e70",
  "n_folds": 5,
  "mse_mean": 0.9485703449107797,
  "mse_std": 0.02513502566985266,
  "rmse_mean": 0.97386098986828,
  "rmse_std": 0.012849798580268065,
  "mae_mean": 0.7234759829731177,
  "mae_std": 0.010610841744605233,
  "r2_mean": 0.8813036646790161,
  "r2_std": 0.0037440059488405624,
  "pearson_mean": 0.9389851806589137,
  "pearson_std": 0.0019576457762718793,
  "spearman_mean": 0.9125774833218442,
  "spearman_std": 0.002295469518567352,
  "n_mean": 37389.6,
  "n_std": 0.4898979485566356,
  "loss_mean": 0.9478639843012285,
  "loss_std": 0.023921270900225944
}