{
  "mse": 16.994022405959146,
  "rmse": 4.122380672130989,
  "mae": 3.5420413897329137,
  "r2": -0.20138315000005602,
  "pearson": 0.5464878588257439,
  "spearman": 0.46994665704274435,
  "n": 37451,
  "n_params_total": 7965931,
  "n_params_trainable": 7965931
}