{
  "tag": "SNP+RNA__attention__morgan__unseen_cell__141a4a",
  "n_folds": 5,
  "mse_mean": 1.7848443361957145,
  "mse_std": 0.025398050906518668,
  "rmse_mean": 1.3359468315497844,
  "rmse_std": 0.009507863472236172,
  "mae_mean": 1.0054699330736556,
  "mae_std": 0.007231519876835987,
  "r2_mean": 0.7766406342332159,
  "r2_std": 0.003759815462169694,
  "pearson_mean": 0.881388419297356,
  "pearson_std": 0.00218524146672866,
  "spearman_mean": 0.8361081592491931,
  "spearman_std": 0.0037333176071449505,
  "n_mean": 37389.6,
  "n_std": 270.87384517520326,
  "loss_mean": 1.7849185170441082,
  "loss_std": 0.026252182141115143
}