{
  "fold": 1,
  "best_epoch": 18,
  "mse": 1.7657279265239714,
  "rmse": 1.3288069560790128,
  "mae": 0.9959468007899269,
  "r2": 0.7829055175506551,
  "pearson": 0.884850559789324,
  "spearman": 0.8423551400656585,
  "n": 37439,
  "loss": 1.7643236639963482
}