{
  "fold": 4,
  "best_epoch": 6,
  "mse": 1.6657499710358188,
  "rmse": 1.2906393652123813,
  "mae": 0.9723671070586334,
  "r2": 0.7861556363853857,
  "pearson": 0.8889996917491214,
  "spearman": 0.8450162495145856,
  "n": 37321,
  "loss": 1.6653503910319445
}