{
  "fold": 2,
  "best_epoch": 18,
  "mse": 1.7121567154412896,
  "rmse": 1.3084940639686866,
  "mae": 0.9742420472196317,
  "r2": 0.7868186168874282,
  "pearson": 0.8882374075605212,
  "spearman": 0.8436027951684677,
  "n": 37790,
  "loss": 1.7099388660611332
}