{
  "fold": 3,
  "best_epoch": 21,
  "mse": 1.660615279143477,
  "rmse": 1.288648625166487,
  "mae": 0.9663400983511411,
  "r2": 0.7913827774716986,
  "pearson": 0.8898364751354639,
  "spearman": 0.8494004540076628,
  "n": 37577,
  "loss": 1.6601938205916866
}