{
  "fold": 5,
  "best_epoch": 23,
  "mse": 1.7118642914218878,
  "rmse": 1.3083823185223376,
  "mae": 0.9791286928484182,
  "r2": 0.7873580457346311,
  "pearson": 0.8877638467870834,
  "spearman": 0.8431140767334775,
  "n": 36821,
  "loss": 1.7115902435034513
}