{
  "fold": 1,
  "best_epoch": 44,
  "val_metrics": {
    "mse": 0.8999022264802521,
    "rmse": 0.9486317654813442,
    "mae": 0.7037843875687233,
    "r2": 0.8881931676126201,
    "pearson": 0.9425106065293205,
    "spearman": 0.9152206775460552,
    "n": 37390
  }
}