{
  "fold": 2,
  "best_epoch": 90,
  "val_metrics": {
    "mse": 0.8781654609899445,
    "rmse": 0.9371048292426758,
    "mae": 0.694497043795385,
    "r2": 0.8887721843250185,
    "pearson": 0.942867470686013,
    "spearman": 0.9190515302684933,
    "n": 37390
  }
}