{
  "fold": 4,
  "best_epoch": 32,
  "val_metrics": {
    "mse": 0.9484117600561949,
    "rmse": 0.9738643437646718,
    "mae": 0.7278365011258731,
    "r2": 0.8825637103801443,
    "pearson": 0.9395358673256304,
    "spearman": 0.9135660041294743,
    "n": 37389
  }
}