{
  "fold": 5,
  "best_epoch": 39,
  "val_metrics": {
    "mse": 0.9138011877393701,
    "rmse": 0.9559294888951644,
    "mae": 0.7108228452277521,
    "r2": 0.8858012866489712,
    "pearson": 0.9414950895597826,
    "spearman": 0.9151133785718235,
    "n": 37389
  }
}