{
  "fold": 3,
  "best_epoch": 61,
  "val_metrics": {
    "mse": 0.9071881942206638,
    "rmse": 0.9524642745114715,
    "mae": 0.7049868911735556,
    "r2": 0.8857917329186387,
    "pearson": 0.9412278833297028,
    "spearman": 0.915136930499343,
    "n": 37390
  }
}