{
  "mse": 12.485288647369531,
  "rmse": 3.533452793991952,
  "mae": 2.959809640437522,
  "r2": -0.0412255348203554,
  "pearson": 0.44660377581524197,
  "spearman": 0.38320259480067353,
  "n": 38469,
  "n_params_total": 7965931,
  "n_params_trainable": 7965931
}