{
  "fold": 2,
  "best_epoch": 47,
  "mse": 0.9615285556337291,
  "rmse": 0.9805756246377579,
  "mae": 0.7220356231530154,
  "r2": 0.8782134737664384,
  "pearson": 0.9373329493330605,
  "spearman": 0.9120628409891458,
  "n": 37390,
  "loss": 0.9606234724204288
}