{
  "fold": 4,
  "best_epoch": 76,
  "mse": 0.9217534046774617,
  "rmse": 0.9600798949449268,
  "mae": 0.7124961227337655,
  "r2": 0.8858646588446175,
  "pearson": 0.9413060406232482,
  "spearman": 0.9159101083109504,
  "n": 37389,
  "loss": 0.9201604563221589
}