{
  "fold": 1,
  "best_epoch": 40,
  "mse": 0.9417748360450596,
  "rmse": 0.970450841642718,
  "mae": 0.7175235093806495,
  "r2": 0.8829907759510885,
  "pearson": 0.9398808840619967,
  "spearman": 0.9118293589008326,
  "n": 37390,
  "loss": 0.943088494470095
}