{
  "fold": 3,
  "best_epoch": 59,
  "mse": 0.9629958676183984,
  "rmse": 0.9813235285156463,
  "mae": 0.7215627390128726,
  "r2": 0.8787659606376476,
  "pearson": 0.9374865861018037,
  "spearman": 0.9116019474178485,
  "n": 37390,
  "loss": 0.960292943686552
}