{
  "fold": 5,
  "best_epoch": 46,
  "mse": 0.9251354423788046,
  "rmse": 0.9618396136460614,
  "mae": 0.7176980496648151,
  "r2": 0.8843848327047402,
  "pearson": 0.9405221286148939,
  "spearman": 0.9140508171477594,
  "n": 37389,
  "loss": 0.923374570473876
}