{
  "tag": "SNP+MET+CNV+RNA__attention__chemberta__unseen_cell__cc7f2e",
  "n_folds": 5,
  "mse_mean": 1.7368133173657345,
  "mse_std": 0.060704921934249936,
  "rmse_mean": 1.3176774468631531,
  "rmse_std": 0.023226351283322177,
  "mae_mean": 0.98807787927244,
  "mae_std": 0.014890076846669447,
  "r2_mean": 0.7827700353471031,
  "r2_std": 0.004676325463422718,
  "pearson_mean": 0.8857649520592312,
  "pearson_std": 0.0032605086715423413,
  "spearman_mean": 0.8412196575821114,
  "spearman_std": 0.004180068931827243,
  "n_mean": 37389.6,
  "n_std": 324.3119485927091,
  "loss_mean": 1.7357259098139337,
  "loss_std": 0.06037742181335542
}