{
  "tag": "SNP+MET+CNV+RNA__mlp__morgan__mixed__444b73",
  "n_folds": 5,
  "mse_mean": 0.9871653801210447,
  "mse_std": 0.03254158798932725,
  "rmse_mean": 0.9934268881663989,
  "rmse_std": 0.016382856560129257,
  "mae_mean": 0.7369916941761016,
  "mae_std": 0.011102125101575037,
  "r2_mean": 0.8764723213833279,
  "r2_std": 0.004641406086631508,
  "pearson_mean": 0.9364001339100264,
  "pearson_std": 0.002474037205956376,
  "spearman_mean": 0.9085595253294947,
  "spearman_std": 0.0030404696672986773,
  "n_mean": 37389.6,
  "n_std": 0.4898979485566356,
  "loss_mean": 0.9867414632042927,
  "loss_std": 0.03353637635818803
}