{
  "mse": 2.2387558286837472,
  "rmse": 1.4962472485133422,
  "mae": 1.1468110360427644,
  "r2": 0.7212515301719045,
  "pearson": 0.8583438703909928,
  "spearman": 0.8056934385387651,
  "n": 37790,
  "n_params_total": 873761,
  "n_params_trainable": 873761
}