{
  "mse": 2.3786256547674465,
  "rmse": 1.5422793698832409,
  "mae": 1.186441112007013,
  "r2": 0.7045352192057723,
  "pearson": 0.8445717111978087,
  "spearman": 0.7818778304403349,
  "n": 36821,
  "n_params_total": 873761,
  "n_params_trainable": 873761
}