{
  "fold": 4,
  "best_epoch": 21,
  "mse": 1.5727657261719892,
  "rmse": 1.2540995678860547,
  "mae": 0.9455598763854136,
  "r2": 0.798092695977064,
  "pearson": 0.8933950972080825,
  "spearman": 0.8503339716049895,
  "n": 37321,
  "loss": 1.5730066564801621
}