{
  "fold": 5,
  "best_epoch": 13,
  "mse": 1.735009164286864,
  "rmse": 1.3171974659430772,
  "mae": 0.9867226118196558,
  "r2": 0.7844830684236994,
  "pearson": 0.8868841231911009,
  "spearman": 0.8427434924634862,
  "n": 36821,
  "loss": 1.7352809483806293
}