{
  "fold": 1,
  "best_epoch": 14,
  "mse": 1.829364905379073,
  "rmse": 1.3525401677506932,
  "mae": 1.0119622747234773,
  "r2": 0.7750814146514134,
  "pearson": 0.8808257161821548,
  "spearman": 0.8372684447480252,
  "n": 37439,
  "loss": 1.8285921767303155
}