{
  "fold": 3,
  "best_epoch": 20,
  "mse": 1.714632058621858,
  "rmse": 1.3094395971643205,
  "mae": 0.9813701393427097,
  "r2": 0.7845968405685311,
  "pearson": 0.8862377854572177,
  "spearman": 0.8426399423102569,
  "n": 37577,
  "loss": 1.7141824174089497
}