{
  "fold": 2,
  "best_epoch": 14,
  "mse": 1.7081268446701365,
  "rmse": 1.3069532679748486,
  "mae": 0.9764164584459781,
  "r2": 0.7873203778635184,
  "pearson": 0.8883373894596155,
  "spearman": 0.8457081936653456,
  "n": 37790,
  "loss": 1.7057504289456316
}