{
  "mse": 1.5422267500389326,
  "rmse": 1.2418642236729958,
  "mae": 0.9461768287418622,
  "r2": 0.804662651130682,
  "pearson": 0.9031694570938076,
  "spearman": 0.8692557201942788,
  "n": 37390,
  "n_params_total": 873761,
  "n_params_trainable": 873761
}