{
  "mse": 7.912832078483916,
  "rmse": 2.812975662618487,
  "mae": 2.0877829306261444,
  "r2": 0.019873707925253448,
  "pearson": 0.30097537189180074,
  "spearman": 0.29391908696590174,
  "n": 38390,
  "n_params_total": 873761,
  "n_params_trainable": 873761
}