{
  "mse": 1.5235339744089702,
  "rmse": 1.234315184387266,
  "mae": 0.9396599088068409,
  "r2": 0.8137676287689805,
  "pearson": 0.9101802666017458,
  "spearman": 0.8765422511045111,
  "n": 37390,
  "n_params_total": 7965931,
  "n_params_trainable": 7965931
}