{
  "mse": 1.184750206847661,
  "rmse": 1.0884623130121047,
  "mae": 0.8081848944410808,
  "r2": 0.8499403774322927,
  "pearson": 0.9221541407365648,
  "spearman": 0.8910183225139235,
  "n": 37390,
  "n_params_total": 22352193,
  "n_params_trainable": 22352193
}