{
  "fold": 5,
  "best_epoch": 17,
  "mse": 1.7133241254247134,
  "rmse": 1.308940077094713,
  "mae": 0.9870772270350425,
  "r2": 0.787176710124782,
  "pearson": 0.8876900567794561,
  "spearman": 0.8425401756775165,
  "n": 36821,
  "loss": 1.712853028335505
}