{
  "fold": 1,
  "best_epoch": 13,
  "mse": 1.8172403519155096,
  "rmse": 1.3480505746875782,
  "mae": 1.0071063739485608,
  "r2": 0.776572116372535,
  "pearson": 0.8820329673845955,
  "spearman": 0.8374569350301343,
  "n": 37439,
  "loss": 1.8157632621481963
}