{
  "fold": 4,
  "best_epoch": 14,
  "mse": 1.5889412692739917,
  "rmse": 1.2605321373427938,
  "mae": 0.9450785377492187,
  "r2": 0.7960161245942546,
  "pearson": 0.8926614193615962,
  "spearman": 0.849155175170094,
  "n": 37321,
  "loss": 1.5892690358913109
}