{
  "fold": 3,
  "best_epoch": 13,
  "mse": 1.7335876354416666,
  "rmse": 1.316657751825305,
  "mae": 0.9936919792427167,
  "r2": 0.7822155185144488,
  "pearson": 0.8855448304242037,
  "spearman": 0.8424291677493215,
  "n": 37577,
  "loss": 1.7325183597146248
}