{
  "fold": 2,
  "best_epoch": 18,
  "mse": 1.7131958810686023,
  "rmse": 1.3088910883143037,
  "mae": 0.9734976272381529,
  "r2": 0.786689229919684,
  "pearson": 0.8874388265209388,
  "spearman": 0.8436585556118168,
  "n": 37790,
  "loss": 1.7105028413840242
}