{
  "fold": 1,
  "best_epoch": 69,
  "mse": 0.908352197835817,
  "rmse": 0.9530751270680696,
  "mae": 0.7066681704511193,
  "r2": 0.8871433151917355,
  "pearson": 0.9420356502009248,
  "spearman": 0.9146642577191875,
  "n": 37390,
  "loss": 0.9091855184820324
}