{
  "fold": 2,
  "best_epoch": 58,
  "mse": 0.952254725224521,
  "rmse": 0.9758353986326388,
  "mae": 0.7183466881891672,
  "r2": 0.8793880905615394,
  "pearson": 0.9377578073160066,
  "spearman": 0.9129757679456115,
  "n": 37390,
  "loss": 0.9506846489352985
}