{
  "fold": 4,
  "best_epoch": 98,
  "mse": 0.9102930029807418,
  "rmse": 0.9540927643477556,
  "mae": 0.706794906434378,
  "r2": 0.8872837334591459,
  "pearson": 0.9419772539253104,
  "spearman": 0.9169051619821721,
  "n": 37389,
  "loss": 0.9093298265144687
}