{
  "fold": 5,
  "best_epoch": 42,
  "mse": 0.9441103878759725,
  "rmse": 0.9716534299203459,
  "mae": 0.7234065705285048,
  "r2": 0.882013513438847,
  "pearson": 0.9393113183691608,
  "spearman": 0.9128636430275706,
  "n": 37389,
  "loss": 0.9425671512559819
}