{
  "fold": 3,
  "best_epoch": 53,
  "mse": 0.9529189677897504,
  "rmse": 0.9761756848998803,
  "mae": 0.7248941430028828,
  "r2": 0.8800345676084107,
  "pearson": 0.9384624747873876,
  "spearman": 0.9122559279656374,
  "n": 37390,
  "loss": 0.9504396569606794
}