{
  "mse": 1.0430787856311345,
  "rmse": 1.0213122860472865,
  "mae": 0.7639428666781664,
  "r2": 0.8696453267504358,
  "pearson": 0.9334722453584393,
  "spearman": 0.9042498062383985,
  "n": 37389,
  "n_params_total": 22352193,
  "n_params_trainable": 22352193
}