{
  "fold": 5,
  "best_epoch": 49,
  "val_metrics": {
    "mse": 0.8771598460727215,
    "rmse": 0.9365681214266912,
    "mae": 0.6971602207468509,
    "r2": 0.8903803943694791,
    "pearson": 0.9436438347971672,
    "spearman": 0.9181739479697544,
    "n": 37389
  }
}