{
  "fold": 1,
  "best_epoch": 68,
  "val_metrics": {
    "mse": 0.8773373365623243,
    "rmse": 0.9366628724158571,
    "mae": 0.6930815920115652,
    "r2": 0.8909967042532185,
    "pearson": 0.9439399656213473,
    "spearman": 0.9173819639532249,
    "n": 37390
  }
}