{
  "fold": 4,
  "best_epoch": 79,
  "val_metrics": {
    "mse": 0.8803862249874314,
    "rmse": 0.9382889879922024,
    "mae": 0.6957674636017951,
    "r2": 0.8909869151255257,
    "pearson": 0.9440021034978778,
    "spearman": 0.9191398024891551,
    "n": 37389
  }
}