{
  "fold": 3,
  "best_epoch": 47,
  "val_metrics": {
    "mse": 0.9206429468159253,
    "rmse": 0.9595014053225379,
    "mae": 0.7117672750235496,
    "r2": 0.8840978793304828,
    "pearson": 0.940303879593769,
    "spearman": 0.914821105876485,
    "n": 37390
  }
}