{
  "fold": 2,
  "best_epoch": 73,
  "val_metrics": {
    "mse": 0.9020505884785027,
    "rmse": 0.949763438166843,
    "mae": 0.7016691851719885,
    "r2": 0.8857469109845298,
    "pearson": 0.9413028394519203,
    "spearman": 0.9169875150881317,
    "n": 37390
  }
}