{
  "fold": 5,
  "best_epoch": 93,
  "mse": 0.8798849600062263,
  "rmse": 0.9380218334379143,
  "mae": 0.6964557301945121,
  "r2": 0.8900398339619018,
  "pearson": 0.9434991637387633,
  "spearman": 0.9181824287192273,
  "n": 37389,
  "loss": 0.8785362746121533
}