{
  "fold": 3,
  "best_epoch": 37,
  "mse": 0.967621849683784,
  "rmse": 0.9836777163704502,
  "mae": 0.7312600192233335,
  "r2": 0.8781835837961025,
  "pearson": 0.9372882616624482,
  "spearman": 0.9105144728854753,
  "n": 37390,
  "loss": 0.9650883350152611
}