{
  "fold": 2,
  "best_epoch": 40,
  "mse": 0.986602183871943,
  "rmse": 0.9932785026728118,
  "mae": 0.733161781246363,
  "r2": 0.8750376657622848,
  "pearson": 0.9356886519489555,
  "spearman": 0.9101429577711664,
  "n": 37390,
  "loss": 0.9851596851804557
}