{
  "fold": 4,
  "best_epoch": 55,
  "mse": 0.9301418658842368,
  "rmse": 0.9644386273289953,
  "mae": 0.7191185648749294,
  "r2": 0.88482596468114,
  "pearson": 0.94109032217928,
  "spearman": 0.915868509186453,
  "n": 37389,
  "loss": 0.9290712152324846
}