{
  "fold": 1,
  "best_epoch": 91,
  "mse": 0.8959154584013388,
  "rmse": 0.9465281075601183,
  "mae": 0.6978867385604798,
  "r2": 0.8886884968797893,
  "pearson": 0.9431207866135427,
  "spearman": 0.9169795267398353,
  "n": 37390,
  "loss": 0.8968694275149713
}