{
  "fold": 3,
  "best_epoch": 33,
  "mse": 0.9849289218860239,
  "rmse": 0.9924358527814399,
  "mae": 0.737433499648775,
  "r2": 0.8760047517334038,
  "pearson": 0.9359561221504017,
  "spearman": 0.9086994745167709,
  "n": 37390,
  "loss": 0.9822994064755814
}