{
  "fold": 4,
  "best_epoch": 64,
  "mse": 0.9124073425267314,
  "rmse": 0.9552001583577818,
  "mae": 0.7064834400289255,
  "r2": 0.8870219271406932,
  "pearson": 0.9418943277825015,
  "spearman": 0.9163299824623524,
  "n": 37389,
  "loss": 0.9112571878644794
}