{
  "fold": 1,
  "best_epoch": 54,
  "mse": 0.925410295736955,
  "rmse": 0.9619824820322639,
  "mae": 0.7111212131479862,
  "r2": 0.8850239606254737,
  "pearson": 0.9408808181527266,
  "spearman": 0.9141075456652431,
  "n": 37390,
  "loss": 0.9272142518502453
}