{
  "fold": 2,
  "best_epoch": 44,
  "mse": 0.9657077191366926,
  "rmse": 0.9827042887546042,
  "mae": 0.7241833189839462,
  "r2": 0.8776841438753957,
  "pearson": 0.9374516692770384,
  "spearman": 0.91124906181323,
  "n": 37390,
  "loss": 0.9648654661284372
}