{
  "fold": 5,
  "best_epoch": 33,
  "mse": 0.9626876012326563,
  "rmse": 0.98116644930035,
  "mae": 0.7344238060732112,
  "r2": 0.8796918991846249,
  "pearson": 0.9382250439505726,
  "spearman": 0.9114563535411638,
  "n": 37389,
  "loss": 0.9617504642278261
}