{
  "fold": 2,
  "best_epoch": 14,
  "mse": 1.8325657827879842,
  "rmse": 1.3537229342771675,
  "mae": 1.0173942041773236,
  "r2": 0.7715502527580782,
  "pearson": 0.8795940187460536,
  "spearman": 0.8328448923697175,
  "n": 37678,
  "loss": 1.8304166147264385
}