{
  "fold": 3,
  "best_epoch": 9,
  "mse": 1.692882868399138,
  "rmse": 1.301108323084261,
  "mae": 0.9686129567890249,
  "r2": 0.7879187260097958,
  "pearson": 0.8877359020803037,
  "spearman": 0.8491101840282069,
  "n": 37635,
  "loss": 1.6876546272534436
}