{
  "fold": 5,
  "best_epoch": 21,
  "mse": 1.7604842290150937,
  "rmse": 1.3268324042678088,
  "mae": 1.004068567800772,
  "r2": 0.7788137587799554,
  "pearson": 0.882642293998632,
  "spearman": 0.8338734136000999,
  "n": 37286,
  "loss": 1.759085819329301
}