{
  "fold": 1,
  "best_epoch": 16,
  "mse": 1.7031279692783896,
  "rmse": 1.3050394512344787,
  "mae": 0.9798339381022416,
  "r2": 0.7852071028416402,
  "pearson": 0.8865115299601192,
  "spearman": 0.8413543150446698,
  "n": 37549,
  "loss": 1.7031036702548565
}