{
  "fold": 4,
  "best_epoch": 26,
  "mse": 1.768674068934136,
  "rmse": 1.3299150607967924,
  "mae": 0.9963196232765261,
  "r2": 0.7807448235737531,
  "pearson": 0.8843915630503367,
  "spearman": 0.8369012243802277,
  "n": 36800,
  "loss": 1.7694657151069906
}