{
  "fold": 1,
  "best_epoch": 5,
  "mse": 6.258815506014602,
  "rmse": 2.5017624799358154,
  "mae": 1.9064996107484915,
  "r2": 0.22474917237558323,
  "pearson": 0.4938734815102562,
  "spearman": 0.4409575976591919,
  "n": 38390,
  "loss": 6.258948527971904
}