{
  "fold": 2,
  "best_epoch": 6,
  "mse": 5.340206234611384,
  "rmse": 2.3108886244497775,
  "mae": 1.777322079346573,
  "r2": 0.2631466716792207,
  "pearson": 0.6062275514215738,
  "spearman": 0.436539232168868,
  "n": 36569,
  "loss": 5.3414599095191155
}