{
  "fold": 5,
  "best_epoch": 3,
  "mse": 7.302721442221463,
  "rmse": 2.7023547957700638,
  "mae": 1.9632216163742513,
  "r2": 0.032089411457794426,
  "pearson": 0.3739591512933742,
  "spearman": 0.28383783769772525,
  "n": 38469,
  "loss": 7.303288665720791
}