{
  "fold": 3,
  "best_epoch": 1,
  "mse": 7.220128346283233,
  "rmse": 2.687029651173063,
  "mae": 1.936644244337123,
  "r2": 0.027559481392900098,
  "pearson": 0.34315867940154604,
  "spearman": 0.4278336831717844,
  "n": 36069,
  "loss": 7.220206928591356
}