{
  "fold": 4,
  "best_epoch": 10,
  "mse": 9.614166896919507,
  "rmse": 3.100672007310594,
  "mae": 2.245650434799926,
  "r2": -0.06007814678396972,
  "pearson": 0.30530661356023137,
  "spearman": 0.2633211233756009,
  "n": 37451,
  "loss": 9.615305973808105
}