{
  "mse": 1.46298816173589,
  "rmse": 1.209540475443418,
  "mae": 0.9233547875661968,
  "r2": 0.8182335060368144,
  "pearson": 0.9117091265947902,
  "spearman": 0.8765501129540331,
  "n": 37390,
  "n_params_total": 873761,
  "n_params_trainable": 873761
}