{
  "mse": 1.4189499082619403,
  "rmse": 1.1911968385879557,
  "mae": 0.9191409471042018,
  "r2": 0.833373632106994,
  "pearson": 0.9205949644095986,
  "spearman": 0.8857917458697271,
  "n": 37390,
  "n_params_total": 7965931,
  "n_params_trainable": 7965931
}