{
  "fold": 2,
  "best_epoch": 37,
  "mse": 0.9859267310813236,
  "rmse": 0.9929384326741127,
  "mae": 0.7361101483709942,
  "r2": 0.8751232181346219,
  "pearson": 0.9356168451225322,
  "spearman": 0.9093309415677223,
  "n": 37390,
  "loss": 0.9852475611423063
}