{
  "fold": 1,
  "best_epoch": 52,
  "mse": 0.934863205665719,
  "rmse": 0.9668832430369858,
  "mae": 0.718741248850355,
  "r2": 0.8838494997953098,
  "pearson": 0.9403209561804045,
  "spearman": 0.9130945009252703,
  "n": 37390,
  "loss": 0.9360029643509575
}