{
  "fold": 4,
  "best_epoch": 65,
  "mse": 0.9243377798842046,
  "rmse": 0.9614248695993903,
  "mae": 0.717135498519369,
  "r2": 0.8855446507552541,
  "pearson": 0.9412339354899772,
  "spearman": 0.9160603585761415,
  "n": 37389,
  "loss": 0.922741457158795
}