{
  "fold": 3,
  "best_epoch": 65,
  "mse": 0.9453296248668186,
  "rmse": 0.9722806307166767,
  "mae": 0.7271300231679132,
  "r2": 0.8809900096093495,
  "pearson": 0.9392674988055344,
  "spearman": 0.9127235243950945,
  "n": 37390,
  "loss": 0.9428685273936991
}