{
  "fold": 5,
  "best_epoch": 64,
  "mse": 0.9084004107542268,
  "rmse": 0.953100420078717,
  "mae": 0.708698055154045,
  "r2": 0.8864762275344443,
  "pearson": 0.9415491430884697,
  "spearman": 0.9155981123586611,
  "n": 37389,
  "loss": 0.9082440218217543
}