{
  "fold": 4,
  "best_epoch": 7,
  "mse": 9.686908164814751,
  "rmse": 3.112379823352984,
  "mae": 2.2862198335389308,
  "r2": -0.0680987510954898,
  "pearson": 0.28744881598680294,
  "spearman": 0.28283146647689605,
  "n": 37451,
  "loss": 9.689469329326226
}