{
  "fold": 2,
  "best_epoch": 3,
  "mse": 4.752089335794759,
  "rmse": 2.179928745577423,
  "mae": 1.6837013173859012,
  "r2": 0.3442963268228786,
  "pearson": 0.6286183375348142,
  "spearman": 0.5004867299900784,
  "n": 36569,
  "loss": 4.753514847555361
}