{
  "fold": 5,
  "best_epoch": 5,
  "mse": 7.59207946440021,
  "rmse": 2.75537283582462,
  "mae": 2.0404839379488626,
  "r2": -0.0062624133738591325,
  "pearson": 0.34804681942869664,
  "spearman": 0.24523727968110573,
  "n": 38469,
  "loss": 7.592757202858149
}