{
  "fold": 1,
  "best_epoch": 13,
  "mse": 6.343365569385719,
  "rmse": 2.518603892910856,
  "mae": 1.8927529919803858,
  "r2": 0.2142763430453105,
  "pearson": 0.5038531740007317,
  "spearman": 0.4548555018155798,
  "n": 38390,
  "loss": 6.343621350924174
}