{
  "fold": 3,
  "best_epoch": 8,
  "mse": 7.144598615548702,
  "rmse": 2.6729381989766807,
  "mae": 1.984204808919277,
  "r2": 0.03773217736215562,
  "pearson": 0.3827927055488264,
  "spearman": 0.44330733299936975,
  "n": 36069,
  "loss": 7.145142294836383
}