{
  "fold": 4,
  "best_epoch": 15,
  "mse": 8.92398532197932,
  "rmse": 2.9873040223551603,
  "mae": 2.310154646227671,
  "r2": 0.01602271694676738,
  "pearson": 0.3358124482044024,
  "spearman": 0.3234582822455853,
  "n": 37451,
  "loss": 8.924139571271251
}