{
  "fold": 5,
  "best_epoch": 6,
  "mse": 5.856692062640337,
  "rmse": 2.4200603427684064,
  "mae": 1.7955413886416074,
  "r2": 0.22374770746612826,
  "pearson": 0.4905953689145947,
  "spearman": 0.4075841829430945,
  "n": 38469,
  "loss": 5.855480811128585
}