{
  "fold": 2,
  "best_epoch": 2,
  "mse": 5.62373436987622,
  "rmse": 2.371441411858244,
  "mae": 1.8634279267562595,
  "r2": 0.22402483986897748,
  "pearson": 0.49438438948626573,
  "spearman": 0.4975444395587043,
  "n": 36569,
  "loss": 5.62610994102238
}