{
  "fold": 1,
  "best_epoch": 3,
  "mse": 6.890738076444859,
  "rmse": 2.625021538282088,
  "mae": 1.9710156101802503,
  "r2": 0.1464758161391161,
  "pearson": 0.44937411096048885,
  "spearman": 0.4838009844393125,
  "n": 38390,
  "loss": 6.891051907539367
}