{
  "fold": 3,
  "best_epoch": 9,
  "mse": 6.03996396908067,
  "rmse": 2.457633815091392,
  "mae": 1.8572044578365037,
  "r2": 0.1865095171771347,
  "pearson": 0.46649114727609303,
  "spearman": 0.47715561298548126,
  "n": 36069,
  "loss": 6.040008270994146
}