{
  "tag": "SNP+CNV+RNA__attention__morgan__unseen_drug__229c77",
  "n_folds": 5,
  "mse_mean": 7.186716575514846,
  "mse_std": 1.0798007761608102,
  "rmse_mean": 2.6733805108269864,
  "rmse_std": 0.19938209509704455,
  "mae_mean": 1.973324568439582,
  "mae_std": 0.13082781597145868,
  "r2_mean": 0.08879616810654925,
  "r2_std": 0.09622501039365214,
  "pearson_mean": 0.4247149888434292,
  "pearson_std": 0.09668152732300217,
  "spearman_mean": 0.3745865354885737,
  "spearman_std": 0.06416062233302361,
  "n_mean": 37389.6,
  "n_std": 957.8145123143624,
  "loss_mean": 7.1874986632809055,
  "loss_std": 1.0796816777636522
}