{
  "fold": 3,
  "best_epoch": 17,
  "mse": 1.7189733874279027,
  "rmse": 1.3110962540667648,
  "mae": 0.9853911552703047,
  "r2": 0.7877276709937726,
  "pearson": 0.8877603762166453,
  "spearman": 0.8436375519192452,
  "n": 37299,
  "loss": 1.7181796123311943
}