{
  "fold": 1,
  "best_epoch": 18,
  "mse": 1.7005561582922697,
  "rmse": 1.304053740569103,
  "mae": 0.9734398231981722,
  "r2": 0.7856961804205516,
  "pearson": 0.8867916560725937,
  "spearman": 0.8406863752495048,
  "n": 37824,
  "loss": 1.6999755693045822
}