{
  "fold": 5,
  "best_epoch": 12,
  "mse": 1.8301488278759925,
  "rmse": 1.3528299330943239,
  "mae": 1.0138413520352572,
  "r2": 0.7780262789819007,
  "pearson": 0.8826762576246935,
  "spearman": 0.8354707265467285,
  "n": 37180,
  "loss": 1.8300277615330882
}