{
  "fold": 2,
  "best_epoch": 3,
  "mse": 1.9040467912770505,
  "rmse": 1.3798720198906311,
  "mae": 1.0317748465079966,
  "r2": 0.7573806131693092,
  "pearson": 0.8739126597748594,
  "spearman": 0.8261793976077584,
  "n": 37452,
  "loss": 1.9030061423168247
}