{
  "fold": 4,
  "best_epoch": 20,
  "mse": 1.7867778763427984,
  "rmse": 1.3367041094957397,
  "mae": 1.0007828362715652,
  "r2": 0.7717627741270451,
  "pearson": 0.8793696977946751,
  "spearman": 0.8312101221842564,
  "n": 37193,
  "loss": 1.7858458595587217
}