{
  "tag": "SNP+RNA__attention__morgan__mixed__075302",
  "n_folds": 5,
  "mse_mean": 0.9426376212706906,
  "mse_std": 0.01740429120926577,
  "rmse_mean": 0.970853900677422,
  "rmse_std": 0.008962410954926602,
  "mae_mean": 0.7182632087890237,
  "mae_std": 0.003442204277811595,
  "r2_mean": 0.8820439403809065,
  "r2_std": 0.003046039715087715,
  "pearson_mean": 0.9393057177470006,
  "pearson_std": 0.0016132463207006499,
  "spearman_mean": 0.9130910145533073,
  "spearman_std": 0.001657392375514306,
  "n_mean": 37389.6,
  "n_std": 0.4898979485566356,
  "loss_mean": 0.9415079874746223,
  "loss_std": 0.017351151232056952
}