{
  "fold": 3,
  "best_epoch": 3,
  "mse": 7.953497990538182,
  "rmse": 2.8201946724540456,
  "mae": 2.078046625725339,
  "r2": -0.07121415849081525,
  "pearson": 0.3325538569100569,
  "spearman": 0.3945809688767589,
  "n": 36069,
  "loss": 7.953085351497569
}