{
  "fold": 2,
  "best_epoch": 2,
  "mse": 6.049370976159154,
  "rmse": 2.459546904647105,
  "mae": 2.0074512170465995,
  "r2": 0.1652945706216954,
  "pearson": 0.5347755694034622,
  "spearman": 0.46577889543383566,
  "n": 36569,
  "loss": 6.050844372569264
}