{
  "fold": 4,
  "best_epoch": 11,
  "mse": 7.606330439131876,
  "rmse": 2.7579576572405666,
  "mae": 2.0747629203855578,
  "r2": 0.1613100997523773,
  "pearson": 0.46834477639586236,
  "spearman": 0.3721346078143463,
  "n": 37451,
  "loss": 7.607119293343085
}