{
  "fold": 1,
  "best_epoch": 9,
  "mse": 6.819505773813595,
  "rmse": 2.611418345231877,
  "mae": 1.9854268812388414,
  "r2": 0.15529903540726875,
  "pearson": 0.48211719634983136,
  "spearman": 0.46455018558191635,
  "n": 38390,
  "loss": 6.819926290512085
}