{
  "fold": 5,
  "best_epoch": 21,
  "mse": 8.027423019460333,
  "rmse": 2.833270728232714,
  "mae": 2.0816047963599367,
  "r2": -0.0639633184309909,
  "pearson": 0.3452435401198993,
  "spearman": 0.3161228910604058,
  "n": 38469,
  "loss": 8.026321173506322
}