{
  "fold": 4,
  "best_epoch": 31,
  "mse": 1.7082365327069493,
  "rmse": 1.3069952305601384,
  "mae": 0.9824049879249853,
  "r2": 0.7843900180410988,
  "pearson": 0.8867563415895685,
  "spearman": 0.8411664312634453,
  "n": 37906,
  "loss": 1.7056936856472131
}