{
  "fold": 3,
  "best_epoch": 13,
  "mse": 1.7191391649119625,
  "rmse": 1.3111594734859533,
  "mae": 0.9834499833439022,
  "r2": 0.7825818829208903,
  "pearson": 0.8849594158957202,
  "spearman": 0.8367292415386197,
  "n": 37263,
  "loss": 1.717679572227883
}