{
  "fold": 5,
  "best_epoch": 15,
  "mse": 1.7686982693113098,
  "rmse": 1.32992415923289,
  "mae": 0.9991828999912177,
  "r2": 0.7771715023329139,
  "pearson": 0.8824224660013708,
  "spearman": 0.8351536836561619,
  "n": 37011,
  "loss": 1.7666781647451992
}