{
  "fold": 2,
  "best_epoch": 13,
  "mse": 1.7500185450267969,
  "rmse": 1.3228826648750058,
  "mae": 0.9946247915688892,
  "r2": 0.7848122075713129,
  "pearson": 0.8860210232998784,
  "spearman": 0.8419169567932017,
  "n": 37735,
  "loss": 1.7515230296021802
}