{
  "fold": 1,
  "best_epoch": 14,
  "mse": 1.8535967407045044,
  "rmse": 1.3614685970320815,
  "mae": 1.0116210075211824,
  "r2": 0.7699460524201229,
  "pearson": 0.8785591366287718,
  "spearman": 0.834392735671653,
  "n": 37033,
  "loss": 1.8533267876197552
}