{
  "fold": 4,
  "best_epoch": 30,
  "val_metrics": {
    "mse": 0.9483653997233896,
    "rmse": 0.9738405412198599,
    "mae": 0.7259149550790859,
    "r2": 0.8825694509094159,
    "pearson": 0.9396994341308904,
    "spearman": 0.9133662416834176,
    "n": 37389
  }
}