{
  "fold": 2,
  "best_epoch": 67,
  "val_metrics": {
    "mse": 0.9106568659276965,
    "rmse": 0.954283430605235,
    "mae": 0.7044883824170739,
    "r2": 0.8846568459748134,
    "pearson": 0.940680782559449,
    "spearman": 0.9163618548875364,
    "n": 37390
  }
}