{
  "fold": 3,
  "best_epoch": 35,
  "val_metrics": {
    "mse": 0.9470713853001125,
    "rmse": 0.9731759272095218,
    "mae": 0.7189681347335422,
    "r2": 0.8807707348855109,
    "pearson": 0.9387234047813027,
    "spearman": 0.9113465382918536,
    "n": 37390
  }
}