{
  "fold": 1,
  "best_epoch": 78,
  "val_metrics": {
    "mse": 0.8642912948751471,
    "rmse": 0.9296726815794617,
    "mae": 0.6857785119089995,
    "r2": 0.8926175876706783,
    "pearson": 0.9447875486491004,
    "spearman": 0.9191741307457294,
    "n": 37390
  }
}