{
  "fold": 5,
  "best_epoch": 49,
  "val_metrics": {
    "mse": 0.8790137454712708,
    "rmse": 0.93755732916514,
    "mae": 0.6970843980324032,
    "r2": 0.890148710575633,
    "pearson": 0.9434955355137592,
    "spearman": 0.918451336855224,
    "n": 37389
  }
}