{
  "mse": 1.0341363959496839,
  "rmse": 1.016924970658939,
  "mae": 0.7585471363307504,
  "r2": 0.871515469919584,
  "pearson": 0.9337565923773159,
  "spearman": 0.9030453667815456,
  "n": 37390,
  "n_params_total": 22352193,
  "n_params_trainable": 22352193
}