{
  "mse": 1.0437851875016373,
  "rmse": 1.0216580580123846,
  "mae": 0.75743305828702,
  "r2": 0.8707541758306595,
  "pearson": 0.93344064025643,
  "spearman": 0.9046716426049469,
  "n": 37389,
  "n_params_total": 22352193,
  "n_params_trainable": 22352193
}