{
  "mse": 1.6339990633877235,
  "rmse": 1.278279728145496,
  "mae": 0.9492442640575988,
  "r2": 0.7947264784931918,
  "pearson": 0.8918413959651659,
  "spearman": 0.8510607343568473,
  "n": 37577,
  "n_params_total": 22352193,
  "n_params_trainable": 22352193
}