{
  "mse": 1.5513865824886899,
  "rmse": 1.2455467002439893,
  "mae": 0.9237869397586888,
  "r2": 0.8068361766101628,
  "pearson": 0.8992189298597199,
  "spearman": 0.8594781089082194,
  "n": 37790,
  "n_params_total": 22352193,
  "n_params_trainable": 22352193
}