{
  "mse": 1.7606203830997462,
  "rmse": 1.3268837112195424,
  "mae": 0.9977912180606556,
  "r2": 0.7823327100301302,
  "pearson": 0.8999544657656023,
  "spearman": 0.8654702262421602,
  "n": 37389,
  "n_params_total": 7965931,
  "n_params_trainable": 7965931
}