{
  "mse": 8.65460909539155,
  "rmse": 2.9418716993423675,
  "mae": 2.3607793514787176,
  "r2": 0.05204208654721543,
  "pearson": 0.5403999026675761,
  "spearman": 0.5716480517163579,
  "n": 36069,
  "n_params_total": 7965931,
  "n_params_trainable": 7965931
}