{
  "mse": 1.8069749410074347,
  "rmse": 1.3442376802513143,
  "mae": 1.0496166788561492,
  "r2": 0.7752044282261813,
  "pearson": 0.9208090868240828,
  "spearman": 0.8872646194633432,
  "n": 37389,
  "n_params_total": 7965931,
  "n_params_trainable": 7965931
}