{
  "tag": "SNP+MET+CNV+RNA__attention__unimol__unseen_drug__fb857c",
  "n_folds": 5,
  "mse_mean": 6.667022760004281,
  "mse_std": 1.206832033077342,
  "rmse_mean": 2.5722922260710583,
  "rmse_std": 0.22435566339783358,
  "mae_mean": 1.9594688059284586,
  "mae_std": 0.18421071237904324,
  "r2_mean": 0.15935611951962478,
  "r2_std": 0.07716993391539051,
  "pearson_mean": 0.44733149296836894,
  "pearson_std": 0.05812658603278728,
  "spearman_mean": 0.43790870043443564,
  "spearman_std": 0.06514801277331013,
  "n_mean": 37389.6,
  "n_std": 957.8145123143624,
  "loss_mean": 6.667358100391145,
  "loss_std": 1.2066492280126688
}