{
  "fold": 4,
  "best_epoch": 16,
  "mse": 1.74110737971925,
  "rmse": 1.319510280262814,
  "mae": 0.9912569600786468,
  "r2": 0.7860939816111937,
  "pearson": 0.888112695989997,
  "spearman": 0.8455142743193247,
  "n": 37725,
  "loss": 1.742301308098486
}