{
  "fold": 1,
  "best_epoch": 7,
  "mse": 1.7040847361146545,
  "rmse": 1.305405966017719,
  "mae": 0.9792158353292514,
  "r2": 0.7847768003028606,
  "pearson": 0.8866755776153701,
  "spearman": 0.8421469254307151,
  "n": 37204,
  "loss": 1.7037258600860936
}