{
  "fold": 3,
  "best_epoch": 15,
  "mse": 1.733647744997519,
  "rmse": 1.3166805781956075,
  "mae": 0.9882742480308103,
  "r2": 0.779746741027619,
  "pearson": 0.8840040729986622,
  "spearman": 0.8346960745173709,
  "n": 37431,
  "loss": 1.732644464172194
}