{
  "fold": 2,
  "best_epoch": 20,
  "mse": 1.7299495472262243,
  "rmse": 1.3152754643899598,
  "mae": 0.9830356143933925,
  "r2": 0.782081574822375,
  "pearson": 0.8848674472165639,
  "spearman": 0.8411532579650889,
  "n": 37100,
  "loss": 1.7297796596740853
}