{
  "fold": 5,
  "best_epoch": 11,
  "mse": 1.776256059460781,
  "rmse": 1.3327625667990457,
  "mae": 0.9988843707394487,
  "r2": 0.7801783254417698,
  "pearson": 0.8839897519473614,
  "spearman": 0.8391517079806554,
  "n": 37488,
  "loss": 1.7758137343686595
}